Date,2330,2317,2412,1301,1303,1326,2454,2308,2882,2881
2016/12/30,181.5,84.2,101.5,89.2,71.2,96.3,216.5,159.5,48.2,51
2016/12/29,180,83.6,101.5,87.4,71,94.7,216.5,157,47.9,50.2
2016/12/28,182,84,101.5,88.5,71,95.3,218.5,157.5,48.65,50.9
2016/12/27,180,83.5,101,86.4,70.1,93.5,218,155,47.6,50.1
2016/12/26,179.5,83.3,101,86.4,70.6,94.2,216,155.5,48.05,50.8
2016/12/23,178.5,82.7,101,86.1,70.4,93.2,216.5,155,47,49.8
2016/12/22,179,82.8,101,87.1,71.2,94.5,217,156,46.8,50.2
2016/12/21,180,83.3,101,89,72.7,97.1,216.5,159.5,48.55,52.5
2016/12/20,182.5,83.7,101.5,88.7,72.5,96.8,219.5,158.5,49,52.9
2016/12/19,182.5,82.8,101.5,88.4,72.5,96,224,157.5,49,52.9
2016/12/16,185,83.6,103,89.4,71.9,97.3,226,157,50,52.9
2016/12/15,187,84.2,104,88.8,69.9,97.6,228,160,49.8,53
2016/12/14,187.5,83.7,104.5,90,71.8,98.6,225,163,48.65,51.5
2016/12/13,186,84.4,104.5,90.9,72.4,98.8,228.5,161.5,49.65,52.3
2016/12/12,185,83.4,105,91.9,72.5,98.8,229.5,162,49.4,51.4
2016/12/9,186,85,105,91.9,71.7,99,230.5,163,49.4,51.5
2016/12/8,185.5,84.8,106,91.5,70.6,98.9,230,162.5,49.05,51.2
2016/12/7,181.5,83.1,106,90.9,69.1,98.6,225,157,48.9,51
2016/12/6,182,82.3,106,90.3,69.1,99,226,157,49,51
2016/12/5,179,81.3,106,90.3,68.1,97.8,223.5,155.5,48.3,51
2016/12/2,178,81.7,106,91.4,68.8,98.7,225,156.5,48,50.8
2016/12/1,183,82.4,106.5,91.1,68.5,99.5,224.5,158,48.3,50.3
2016/11/30,183,82,107.5,90.8,67.1,99.9,221.5,160,46.9,49.45
2016/11/29,182,82,107.5,89.9,66.7,98.5,221.5,158,47.3,49.45
2016/11/28,184,81.3,107.5,88.8,67,98,223.5,158,48.45,49.35
2016/11/25,182,80.5,107.5,88,66.3,97.6,221.5,158,48.45,49.35
2016/11/24,183,81.1,107.5,88.5,66.5,97.2,222,158.5,46.55,48.45
2016/11/23,185.5,82,107.5,88.6,66.5,98,226,160.5,46.05,47.75
2016/11/22,184,81.2,106,88,66.1,96.9,228.5,158,45.45,48.05
2016/11/21,181,80.9,105,86.4,65.1,95.1,223,155.5,45.65,48.1
2016/11/18,181,80.9,105.5,85.7,65.4,94.6,227,157,45,47.1
2016/11/17,181.5,80.6,105.5,86.2,65.9,96.1,221.5,156,44.85,47.6
2016/11/16,180,79,106,85.5,65.2,96,216,156.5,45.45,47.6
2016/11/15,180,79,104,85,64.5,94.4,216,157,44.9,47.5
2016/11/14,180.5,79,105,85.1,64,95,218.5,157,45.95,48.5
2016/11/11,181.5,79,107,85,64.7,95.1,215,157,43.75,45.75
2016/11/10,185.5,81.5,109,86.4,66,96.2,222,164.5,41.45,45.3
2016/11/9,182,80.4,109,84.2,64.4,93.4,220.5,159.5,39.1,42.8
2016/11/8,188.5,83,110,86.3,65.5,96.1,228,166,40.75,44.5
2016/11/7,189,83.5,108.5,85.5,64.8,94.8,231,165,40.7,44.3
2016/11/4,184.5,82,108,85.2,64.5,94,226,163.5,40.4,43.9
2016/11/3,184.5,81.7,108.5,84.9,64,93.5,236.5,163.5,39.8,43.5
2016/11/2,186,82.6,108,84.6,64.5,93.6,236.5,164.5,40.25,44.5
2016/11/1,189.5,84.6,109,85,64.9,94,237.5,165.5,40.8,44.75
2016/10/31,188.5,85.3,108,85.4,65.7,93.9,240,166.5,40.95,44.8
2016/10/28,189.5,84.8,110.5,85.6,65.5,94.4,237.5,168.5,40.8,44.9
2016/10/27,188.5,85.4,111,84.9,65.3,93.2,239,164.5,40.65,45.45
2016/10/26,191.5,85.6,111.5,85,65.3,94.5,240.5,166,40.5,45.35
2016/10/25,193,85.7,111.5,85,64.9,93.5,243,168,40.4,45.3
2016/10/24,191,84.2,112.5,84.1,64.5,92.5,238,166,40.25,44.85
2016/10/21,188.5,84.3,112,84.7,64.6,92.5,235.5,166,40.3,44.9
2016/10/20,190.5,83.5,111.5,85,65,93,236,168,40.45,45.15
2016/10/19,189.5,82.4,111.5,82.2,63.9,92,238,168,40.6,45.5
2016/10/18,187,82.1,112.5,80.5,63.6,89,240,165,40.5,45.6
2016/10/17,186.5,81.9,112.5,80,62.8,87.7,241,164.5,39.95,45.05
2016/10/14,188,81.2,111.5,79.7,63.1,87.7,236.5,164,39.7,45.7
2016/10/13,188.5,81.8,112,79.4,63.1,87.7,237.5,164.5,39.95,45.45
2016/10/12,189.5,81.6,112,79.9,63.2,86.8,240,164,40.65,45.8
2016/10/11,187.5,81.1,112,79.8,63,85.6,241,165,40,45
2016/10/7,188,80,112,79.5,63,85.6,241,166.5,40.15,45.3
2016/10/6,187.5,80.2,112.5,79.1,62.6,85,243.5,168.5,40.25,45.85
2016/10/5,186,79.6,112,78.5,62.4,85,247,169.5,40.1,46.3
2016/10/4,187,79.5,112,78.9,62.6,85.2,243,168,40.45,46.45
2016/10/3,186,79.2,111,78.2,61.5,85.2,241,167,40.05,46.05
2016/9/30,182.5,79,110.5,77.8,62,84.3,239.5,167,40.1,46.3
2016/9/29,185.5,79.8,112,78.7,62.5,85.4,243.5,169,40.7,46.8
2016/9/26,183,78.9,112,78.4,62.2,84.7,243.5,166,40.35,45.5
2016/9/23,187.5,79.8,112,78.7,62.2,85.3,247,166,40.65,46.5
2016/9/22,185.5,79.6,112,78.3,61.4,85.2,245,164,40.6,46.5
2016/9/21,184,80,112,78.1,61,84.5,246,167,40.5,46.5
2016/9/20,183,80.2,111.5,77.3,60.7,83.3,245.5,168.5,40,46.2
2016/9/19,182.5,80.4,111.5,77.4,60.6,83.7,242.5,169.5,40.2,45.7
2016/9/14,173.5,77.4,112,75.9,59.4,80.5,239,156,39.3,44.5
2016/9/13,175,77.2,112.5,76.5,60,81.8,239.5,163,39.15,44.8
2016/9/12,175,77.5,112.5,76.6,60.2,81.5,238,158,39.7,44.9
2016/9/10,178,78,113.5,77.5,60.9,83.5,240,165.5,39.75,44.85
2016/9/9,179.5,77.7,113.5,77.9,60.9,84.3,245,170,40.45,45.95
2016/9/8,183,78.5,114,79.6,62.1,85.5,250.5,174.5,41.25,46.75
2016/9/7,184,79.5,114.5,80.1,62.4,85.4,253.5,174.5,40.8,46.05
2016/9/6,179,79.8,114.5,79.7,61.8,83.6,254.5,175,40.45,46
2016/9/5,176.5,78.2,114,78.7,61.2,82.5,256.5,173.5,40,45
2016/9/2,174.5,77.2,113.5,78,60.3,81.9,245.5,167.5,39.45,44.55
2016/9/1,173.5,87.4,113,77,60.1,80.4,251,169,39.35,44.15
2016/8/31,176,88,114,78.3,60.6,82.4,249.5,165,40.1,44.9
2016/8/30,174.5,89,115,79.3,61.4,83,249,168.5,40.65,44.55
2016/8/29,176.5,89.3,115.5,79.6,61.6,83.2,244.5,168,39.6,43
2016/8/26,177,88.5,116.5,79.2,61.9,83.1,243.5,171,39.4,42
2016/8/25,177,88.5,116,79,61.7,83.1,244,171,38.75,42
2016/8/24,173.5,86.7,115.5,78.8,60.8,83.5,241,170,37.8,41.55
2016/8/23,174,85.8,115,79.3,61.1,84.1,242.5,169.5,37.8,41.8
2016/8/22,173,85.4,114.5,78.1,60.8,82.7,242,170,37,40.7
2016/8/19,174.5,85.3,113.5,78.1,60.8,83.3,245,168.5,37.5,41.2
2016/8/18,176,85.7,113.5,79.9,61.6,84.2,250,173,38.05,41.85
2016/8/17,177,85,113.5,79.5,61.8,84.3,250.5,175,38.15,41.7
2016/8/16,175.5,86.2,115,79.8,62,85,249.5,176,37.8,41.6
2016/8/15,179,87.2,115.5,80,62.8,85.3,249,176,37.85,41.5
2016/8/12,177.5,86.2,115,80,62.6,85.3,249,174.5,37.95,41.7
2016/8/11,176.5,89.5,116.5,80,62.5,85,248.5,173,37.6,41.55
2016/8/10,179.5,90,116.5,79.6,62.4,84.3,250,175,38,42
2016/8/9,178.5,89.9,116.5,78.8,61.8,84.4,250,175,37.8,41.65
2016/8/8,178,90,116.5,78.6,61.8,84,248.5,175,37.25,41.65
2016/8/5,177,88.4,115,78.6,61.6,83.6,249,174,36.5,40.45
2016/8/4,174.5,88,115.5,77.4,60.8,84,242.5,171,36.1,39.75
2016/8/3,172.5,87.5,115.5,77.6,60.5,83.9,249,172,35.8,39.65
2016/8/2,176,88.5,115,77.1,61.7,83.9,250,175,35.9,39.8
2016/8/1,177,88.8,115,78.2,61.6,83.4,249,171.5,36.1,40
2016/7/29,172.5,87.9,113.5,77.8,60.4,83.1,243.5,168,35.85,39.65
2016/7/28,176.5,89,116.5,78.9,61.3,84.5,244,166.5,36.35,40.1
2016/7/27,175,89,116.5,79,61.6,84,240,166.5,36.15,39.9
2016/7/26,173,87.8,116,79.9,62,83.8,241,168,36.35,40
2016/7/25,171.5,87.6,116,80,62.1,83.8,236,167.5,36.4,39.85
2016/7/22,171,87.6,116,80,62.1,83.6,236,167.5,36.7,40.05
2016/7/21,172,87.4,118.5,79.8,62.3,83.7,235.5,170.5,37,40.05
2016/7/20,170,86,123,79.9,62.1,83.4,238,170.5,36.85,40
2016/7/19,170.5,86.2,123.5,79.8,62.5,83.3,240,170.5,37.3,40.25
2016/7/18,169.5,86,124,79.2,64.7,82.9,240,170,36.95,39.45
2016/7/15,169.5,84.5,123,78.4,64,82.4,239.5,168.5,36.5,39
2016/7/14,169,83.5,120,77.9,63,82.2,246,165,35.65,38.1
2016/7/13,168.5,83.5,121.5,78,62.5,82.2,247,162.5,35.1,37.9
2016/7/12,171,83.3,123.5,80.6,62.3,82.2,248,161.5,34.4,37.15
2016/7/11,170,82.5,122.5,79.4,61.1,79.2,247,162,34.15,36.5
2016/7/7,164.5,82.1,118,78.1,60.9,77.8,238,159,34.1,36.05
2016/7/6,161.5,81.5,117.5,77.5,60.1,77.8,237,158,34.1,36.1
2016/7/5,164,83,118,78.8,61.5,82.1,245,159,35,37
2016/7/4,166,83.3,119,78.8,61.5,82.2,255.5,160,35.15,37.35
2016/7/1,166,82.7,118,78.8,61.1,82.2,245,157.5,35.05,37.6
2016/6/30,162.5,82.5,116.5,77.8,61,81,244,156,35,37.65
2016/6/29,159,82.5,114,76.9,61,80.9,237.5,156.5,34.4,37.25
2016/6/28,157,82.5,112.5,76,60,81,229,154,34.3,36.8
2016/6/27,155.5,82,112,76.2,60.1,79.9,226.5,154.5,34.55,36.7
2016/6/24,159,81.5,112.5,75.7,60,79.5,223.5,152.5,36.4,38.2
2016/6/23,164,82.9,113,77.1,60.4,81.8,228,155,37.65,39.8
2016/6/22,166,81.5,113.5,78.4,60.8,81.9,229,154.5,37.9,40
2016/6/21,165.5,80.7,113,78.2,60.7,81.1,229.5,152,37.9,39.75
2016/6/20,163,80.5,113,77.5,60.4,81.1,227.5,152,37.6,39.65
2016/6/17,163,79.3,112.5,76.7,59.7,80.2,227,152,37.3,39.25
2016/6/16,160.5,78.8,112,77,59.2,80.4,226,149,36.8,38.9
2016/6/15,163,80.2,112.5,78.7,60.3,82.4,230.5,150.5,38,39.8
2016/6/14,162,79.9,112,78.6,60.1,81,225,152,37.85,39.5
2016/6/13,162,78.6,112,79,60,81,220,150,37.6,38.45
2016/6/8,165.5,81.3,113,81.3,62.4,83.6,230,152.5,37.7,38.95
2016/6/7,162,81.1,112.5,79.9,62.8,84.5,233,153,37.95,39.15
2016/6/6,161,80.2,112,78.5,61.7,82.1,229.5,151.5,37.6,39
2016/6/4,160,80.2,112,78.8,62.5,82,225,151,37.7,38.5
2016/6/3,160.5,80,112,79,62.4,82,219,151.5,37.95,38.85
2016/6/2,159,79.3,111,78.9,61.7,82.3,215,148,38,38.8
2016/6/1,159,80.6,110.5,79,62,81.9,222,151.5,38,39
2016/5/31,156.5,80.1,110,79,62.2,82.2,220,150,37.7,38.5
2016/5/30,157,79.5,110,79.1,61.9,81.6,216.5,148,38.05,38.5
2016/5/27,156.5,78.4,110.5,78.4,60.8,81.5,212.5,143,37.6,37.8
2016/5/26,155,78.1,110,78.1,60.7,80.4,214,143.5,37,37.4
2016/5/25,154.5,78.4,110.5,79,61.1,81.3,211,142,37.2,37.7
2016/5/24,151,76.4,110.5,78.3,60.3,81.5,209,141,36.4,37
2016/5/23,154,77.4,110,77,60.8,80.6,210,141.5,36.7,37.85
2016/5/20,148.5,74,110,76.3,59.2,80.8,202,138,35.1,36.45
2016/5/19,147,74.2,109.5,75.9,59.4,79.8,200,138,35.15,36.3
2016/5/18,147,74.4,111,77.7,59.3,84,203.5,140,34.8,36.6
2016/5/17,147,74.3,110.5,77.1,59.4,82.6,202.5,140.5,34.85,36.35
2016/5/16,144.5,74,110.5,77.2,59.7,80.9,201.5,140,34.6,36
2016/5/13,144,74.4,112,76.5,59.5,81.8,200,140.5,34.6,35.7
2016/5/12,146,73.3,111.5,77.1,61.4,83.1,200,139.5,35,36.2
2016/5/11,147,74,110.5,77,61.7,83.3,200,141,35.15,36.65
2016/5/10,147,74.8,111,77.1,61.9,80.3,204,141,35.3,36.9
2016/5/9,147.5,72.6,110.5,77.6,61.5,80.3,196,141,35.5,36.9
2016/5/6,148,73.8,110,77.8,60.2,80.4,192,140.5,35.7,37
2016/5/5,147.5,75.4,109.5,77.2,60.5,79.3,203,142,35.9,37.8
2016/5/4,147,75.7,110.5,77.6,60.6,79.5,201.5,141,35.9,38
2016/5/3,147.5,75.6,110.5,79,62.7,80.8,211,146,36.25,38.95
2016/4/29,150,77.1,109,80.3,63.2,82.4,230,150,36.25,39.25
2016/4/28,153,78.6,109,81.5,64,84.1,236,149.5,36.25,38.85
2016/4/27,156.5,79.5,110,81.7,65,84.2,242,152.5,36.6,39.5
2016/4/26,158,80.2,110,80.8,64.3,83.7,236.5,152,36.65,40.25
2016/4/25,157.5,80.3,111.5,81.9,64.5,84,228,151,36.3,39.8
2016/4/22,156.5,81,110.5,81,65,84.1,230,150,36.15,39.85
2016/4/21,157,80.3,110,80.2,64,84.5,234,149.5,36.2,39.4
2016/4/20,154,79.2,109,80.8,64.5,84.5,232,146.5,35.85,39.65
2016/4/19,157.5,81.5,109.5,81.6,66,86,232.5,147,36.05,40.05
2016/4/18,158,82.6,111,81.2,66.3,84.9,234.5,151,36.65,40
2016/4/15,159.5,82.9,110.5,82,66.3,84.8,234,150,36.6,40.75
2016/4/14,161.5,82.4,109.5,81.4,65.1,84.7,231,143,36.3,40.4
2016/4/13,161.5,83.7,110,80.7,65.3,82.3,225.5,141,36.35,40
2016/4/12,158.5,82,109.5,79.5,65.3,81,222,138,35.8,39.45
2016/4/11,158.5,81.2,109.5,79,65.5,80.5,232,140,35.9,39.25
2016/4/8,157.5,81.9,108.5,78.9,65.6,80.1,229.5,140,36.3,39.6
2016/4/7,154.5,81.5,108,78.3,64.8,78.6,229,137.5,36.4,39.3
2016/4/6,153.5,81.2,107,77.7,66,78.7,231,140,36.8,39.05
2016/4/1,158.5,83,109.5,79.5,66.9,81.1,241,140,37.75,40.4
2016/3/31,162,84.8,109.5,79.8,67.6,80.2,247,142,38.55,41
2016/3/30,161.5,83.7,110.5,80.8,67.6,80.1,249.5,142,37.95,39.75
2016/3/29,159,83.7,109,79.6,66.5,78.5,244,137,37.3,39.45
2016/3/28,159,84.5,109.5,80,67,78.9,240,139,37.9,39.95
2016/3/25,158,83.8,110.5,79.2,66.7,78.6,243.5,140,37.9,39.95
2016/3/24,158.5,84.5,110,80.2,67.5,79.7,246,143,37.9,39.8
2016/3/23,159.5,84.2,109,79.9,66.9,78.9,243.5,145,38.65,40
2016/3/22,158.5,84.3,109,79.6,67,78.9,248,146,38.75,40.35
2016/3/21,160,84.5,108,79.9,67.3,78.8,257,145.5,39.1,40.4
2016/3/18,159.5,84,108.5,80.5,67.1,79.8,258,143.5,39.4,40.6
2016/3/17,158.5,82.5,108,79,65.5,78,252.5,141,39.15,40.7
2016/3/16,156,83,107.5,77.9,65.7,77.3,252.5,142,39,40.2
2016/3/15,154.5,82.3,107,78.5,64.8,76.9,248,139,38.6,39.8
2016/3/14,156,84,106,78.8,65.6,77.2,260,142,39.55,40.8
2016/3/11,155,83.2,106,79,65.8,78,241,140.5,39.4,40.45
2016/3/10,154.5,83,106,79,65.8,77.2,232.5,142,39.25,40.15
2016/3/9,153,82.8,105.5,78.4,66.5,78.2,238.5,139,39.5,40.7
2016/3/8,152,83,105,80,67.2,79.6,235,141,39.65,41.25
2016/3/7,152,81.6,106,80,67,78.5,235,140.5,39.6,41
2016/3/4,152.5,82.9,106,80,66,77.1,240,141,39.35,41.45
2016/3/3,154,80.5,106,80,65.9,76.5,240,141,39.45,41.15
2016/3/2,153,79.5,105.5,80,64.6,75.6,234,137,38.2,40.15
2016/3/1,152,77.7,105.5,79.5,64.8,74.9,232.5,134.5,37.05,39.4
2016/2/26,149,78,104.5,79,63.8,74.8,236,134.5,37.3,39.45
2016/2/25,150.5,78.5,104.5,78.2,62,73,234.5,130.5,36.9,39.1
2016/2/24,148,76.5,103,77,62.4,73,227,133,36.6,38.35
2016/2/23,149.5,77,104,77.4,61.3,72.4,231,136.5,37.1,38.65
2016/2/22,151,76.7,104,77.8,61.9,72.2,229,139.5,36.9,38.35
2016/2/19,151,76.7,105,78.1,62.2,72.6,220.5,141,37,38.3
2016/2/18,151,77.7,104.5,77.7,61.5,72.8,220,139.5,36.9,38.3
2016/2/17,148,76.7,105.5,76.8,60.3,71.5,210,139,36,37.7
2016/2/16,147.5,76.6,105,76.4,60,71.6,211.5,141,36.65,38.35
2016/2/15,145,74.7,104.5,75.8,59.3,71.3,205.5,134.5,35,36.4
2016/2/3,146,76.6,103,75.3,58.8,70.5,200,132.5,35.8,37.85
2016/2/2,142.5,78.4,103,76.5,59.4,71.9,212,136,37,38.5
2016/2/1,144,79.5,103,76.2,59,71.9,210,138,37,38.4
2016/1/30,142,78.2,102.5,76.5,58.3,71.3,217.5,141.5,37.6,38.2
2016/1/29,143,77.8,103,77,57.8,71.4,214,139.5,36.1,36.45
2016/1/28,140,75.1,102.5,75.6,56.2,70.1,208,135,34.15,35.75
2016/1/27,139.5,75.3,102,74.9,55.5,70.1,211,135,34.1,35.4
2016/1/26,137.5,75.5,102,75.4,55.5,69.8,209,136.5,34.1,35.35
2016/1/25,139.5,76,102,76,56.4,70.5,214.5,139.5,35.25,36.2
2016/1/22,138.5,74.8,100.5,74.4,55.3,68.8,212,133.5,34.1,35
2016/1/21,135,72.7,100.5,73.9,54.9,67.8,210,127.5,33.6,35
2016/1/20,134.5,73.1,101.5,76,55.9,69.2,210,130.5,33.9,35.7
2016/1/19,138,75.3,101.5,75.5,56.3,70.1,216.5,135.5,35.3,37.15
2016/1/18,137,74.9,100,75.5,56.6,70.1,210,140.5,35,37.35
2016/1/15,137,75.3,101,75.5,56.7,71,205,144.5,35.5,36.8
2016/1/14,131.5,76,102.5,75.2,56.7,70.4,208,143,37,38
2016/1/13,133.5,76.6,101.5,74.9,57.1,70.4,206.5,148,38.4,39.1
2016/1/12,133,76.3,101,72.9,57.3,69.7,206.5,147.5,38.9,39.6
2016/1/11,133,75.4,100,71.7,56.9,68.7,209,145,39,39
2016/1/8,134,78,99.4,71.4,56.9,68.1,213.5,146,39.95,39.65
2016/1/7,133,78.3,99.2,73,57.6,69,206,148,39.65,39.65
2016/1/6,135.5,79,98.7,73,57.5,68.6,227,148,40.35,41
2016/1/5,138,79.1,98.8,72.9,57.5,68.5,242.5,148.5,41.1,42.45
2016/1/4,139.5,79,98.2,72.4,57.4,68.2,245,149,42,43.55
2015/12/31,143,80.8,99.1,77,61,74,250,155.5,46.3,45
2015/12/30,142.5,80.9,99.1,73.5,59,70.5,248.5,154,43.3,46.4
2015/12/29,142,80.7,99,72.9,58.5,69.7,250,154,43.65,46.7
2015/12/28,143.5,81,99.5,74,58.7,70.3,259.5,157,44,47.05
2015/12/25,143,81.6,99.5,73.1,58.8,70,256.5,155.5,43.8,47.1
2015/12/24,142,81.6,99.4,73.4,58,70,254.5,156.5,43.7,46.95
2015/12/23,141.5,81.3,99.4,72.8,58.6,69.8,257,155,43.45,46.3
2015/12/22,142,80.7,99.4,73,58.6,69.5,260.5,157.5,43.35,46.15
2015/12/21,141.5,81.4,98.2,72.4,58.2,68,254,156,43.1,46.2
2015/12/18,142,81.2,98.5,72.8,58.1,68.5,259,158,42.75,46.5
2015/12/17,145,82.4,98.4,72.8,58.4,69.3,259,158.5,43.55,47.65
2015/12/16,143.5,80.2,98,71.1,57.4,68.5,253,157.5,42,45.95
2015/12/15,138,80,98,70.5,57.4,67.4,259,155,42,45.95
2015/12/14,139,80.8,97.8,71.3,56.2,66.9,255,154.5,41.75,46.9
2015/12/11,139.5,83.1,98,72,56.8,67.7,257.5,155,42.25,48
2015/12/10,141,82.9,98.5,72.2,58.2,67.5,260,159,43.3,48.8
2015/12/9,140.5,83.3,98.4,72.9,58.3,68.1,264,155.5,42.85,48.55
2015/12/8,142.5,83.9,98.6,72.9,59,68.5,270,157.5,44,49.35
2015/12/7,143.5,84.7,99,74.5,60.8,70,275,161.5,45.3,50.3
2015/12/4,140.5,84.2,99,74.8,59.8,70.4,269,160,45.1,50.9
2015/12/3,142.5,84.7,98.7,75.8,60.9,71,274,160,45.75,51.6
2015/12/2,142.5,85.7,99.1,75.3,61,71,269,157.5,46.25,51.6
2015/12/1,142.5,86,99.9,75.6,61,71.9,261,156,46.3,51.9
2015/11/30,139,84,99.8,73.7,58.6,70.6,260.5,156.5,45.65,52
2015/11/27,139,85,99,74.9,59.8,71.6,267,158.5,46.5,52.7
2015/11/26,142.5,85.4,99.3,76.5,60.9,73.8,274,161,46.6,53.2
2015/11/25,141,84.3,99,75.5,60.3,72.3,262.5,158.5,46.5,52.7
2015/11/24,139.5,84.3,99,75,60.2,71.3,268,160.5,46.5,53.5
2015/11/23,141,85.5,99.4,76,61.8,71.9,275,158.5,46.3,53.3
2015/11/20,141,86,99.3,74.9,61.1,70.4,261.5,159,46.3,53.3
2015/11/19,140.5,85.5,100,75.1,61.7,71.9,265,159,47,53.7
2015/11/18,137,84.8,98.8,73,60.1,69.5,258,157,45.8,52.7
2015/11/17,138.5,85,99.5,74,61.1,70.2,265.5,160.5,46.8,53.4
2015/11/16,135,82.8,97.3,72.9,60,69.5,270.5,160,46.8,53.1
2015/11/13,136,83.6,98.1,73.3,60.6,70,265.5,159.5,46.2,52.3
2015/11/12,138.5,83.9,99,75.6,61.7,71.5,272,159,45.8,52.8
2015/11/11,137.5,83.4,98.5,75.2,61.4,71.8,275,158.5,46.4,53.2
2015/11/10,139.5,84.5,98.5,74.1,62,71.2,285.5,164.5,46.75,53.6
2015/11/9,142,86,99.2,75,63.3,73.2,286,170,48.1,54.9
2015/11/6,140,86.6,99,75.7,64.1,74,288,167,48.05,54.4
2015/11/5,142.5,88.2,100,77.8,65.5,76,297,170,49.5,55.9
2015/11/4,144.5,88.7,100,78.7,66.6,76.6,302.5,170,48.05,55.4
2015/11/3,139.5,87.8,100,77.9,65.5,76.1,276,166.5,47.45,54.4
2015/11/2,137.5,87.4,100.5,76.5,64.3,75.4,270,166,46.7,53.1
2015/10/30,136.5,86.6,99.7,75.5,64.7,74.5,254.5,166,46.4,52.7
2015/10/29,136.5,86.8,100.5,77.2,64.8,75.4,253,167,46.1,52.5
2015/10/28,138,88,100.5,78.3,65.9,75.7,256,170,46.95,53.6
2015/10/27,139,88.6,100.5,78.5,66.5,75.7,264.5,165.5,46.75,53.6
2015/10/26,140,88.7,100.5,78.5,66.7,75.1,271.5,169,46.9,53.9
2015/10/23,140,87.4,100,77,66.4,75,267,168,47,53.9
2015/10/22,137.5,86.6,99.9,75.1,65.4,74.4,267,163,46.25,52.8
2015/10/21,138.5,86.4,99.8,76.1,66.6,74.5,264.5,164.5,46.5,53.2
2015/10/20,139,87.1,100,76.8,66,75.7,275,164,46.7,53.6
2015/10/19,138,87.7,99.8,77,65.9,75,274,164.5,46.5,53.5
2015/10/16,137.5,87.8,98.7,75.4,64.9,75.8,276,164.5,46.1,52.7
2015/10/15,140,86.7,99.3,76.1,65.3,74.4,276,160,45.9,52.2
2015/10/14,136.5,86.1,98.9,75.5,64,73.6,272.5,164,45.9,52.3
2015/10/13,137.5,87.5,98.9,77.2,64.2,74,277,163,46.2,52.3
2015/10/12,138.5,88.1,99,77.9,63.5,76.5,266.5,167,46.2,52.3
2015/10/8,136,86.7,98.5,75.6,61.5,72.7,265.5,167.5,46.15,52.1
2015/10/7,135,86.9,98.5,74.9,61.3,71.7,258,164,46.75,53.3
2015/10/6,133,86.4,98.6,72,59.5,70.5,245,162,45.9,52.3
2015/10/5,132.5,86,98.6,70.6,58.6,69.3,243,159.5,45.65,52.5
2015/10/2,132,85.7,99,70.8,57.4,69.2,249.5,159,44.7,52.1
2015/10/1,133.5,85.9,98.7,70.5,56.3,68.9,250.5,158.5,45.25,52.5
2015/9/30,130,85.6,98.8,69.4,55.6,66.8,243.5,154,44.95,51.3
2015/9/25,127,84.3,98,68.4,56.7,68.3,237,153,44.85,52.3
2015/9/24,127,83.6,98.1,69,56.7,69,236,153.5,46.1,52.7
2015/9/23,124.5,84.1,97.7,70.1,58.2,69,251,157,46.45,53.2
2015/9/22,129,85.1,98.3,70.6,59.8,69.4,260,162,47.05,54.5
2015/9/21,129.5,84.2,97.5,70,59,69.5,263.5,158,46.35,53.4
2015/9/18,131.5,85.5,98.5,71,61.1,70.9,278.5,160,47.6,55.1
2015/9/17,131,85.5,98.5,71.9,61.2,70.8,277,162,48,55.3
2015/9/16,129.5,85,98.4,70.4,58.9,68.8,276,160,46.45,53.3
2015/9/15,126,84.7,98.4,70.4,58.5,68.5,271,158,45,52.6
2015/9/14,127.5,85.1,98,70.4,58.7,69,277,171,44.8,52.9
2015/9/11,127.5,84.7,98,70.2,58.7,69,277,170.5,45.1,53.2
2015/9/10,125,84.6,97.5,69.7,57.8,69.4,273,169.5,44.85,52.9
2015/9/9,129,85.5,97.5,70,58.8,68.8,280,173,45.25,53.1
2015/9/8,123,82.8,96.5,68,56.8,67.1,255,159,44.3,51.9
2015/9/7,122.5,82.9,97.5,68.4,57,67.6,246.5,159,44.7,52.1
2015/9/4,125,83,97.5,68.3,57,67.1,242,155.5,44.95,52.2
2015/9/3,127,83.9,97.3,68.3,57.4,67.6,242,158.5,45.25,52.6
2015/9/2,125.5,90.6,97,68.9,56.7,67.8,243,156.5,45.25,52.3
2015/9/1,124,89.8,97.4,68.9,57,68.2,245,156,45.2,52.8
2015/8/31,129,92.5,98.8,71.7,59.3,69.6,251,163,46.9,55.9
2015/8/28,125,88.6,96.1,68.5,58.1,69.5,253,149,46,54.3
2015/8/27,124,84.6,96.1,65,56.4,64.4,230,146.5,44.6,53.9
2015/8/26,122.5,83.5,95.1,64,55.4,63.3,229.5,144,44.6,53.4
2015/8/25,123.5,85,95.3,63.6,54.2,62.5,235,145,43.2,51.9
2015/8/24,115,81.6,95.1,62,53.1,62.1,229,140,41,50.3
2015/8/21,121,85.5,97.5,66,54.6,64.8,254,142.5,42.5,49.85
2015/8/20,126,87.4,97.9,66.3,58.8,66,260,150,44,51.4
2015/8/19,125,88.1,98.4,68,60,67.8,261,153,43.65,50.1
2015/8/18,126,88.3,98.4,67.9,59.7,67.5,267,156,44.8,51.4
2015/8/17,124,88.2,97.4,68.5,61,68.4,265,159,46.6,53.2
2015/8/14,126,88.7,97.5,68.5,60.8,69.3,270,163,47,53.5
2015/8/13,128,87.4,98.4,68.5,60.5,69.5,279.5,162,46.5,53.1
2015/8/12,128.5,86.5,99,68.7,61.8,71.1,280,157,46.55,52.9
2015/8/11,130.5,88.5,98.7,68.9,61.8,70,284,160.5,50.1,56.8
2015/8/10,129,88.5,98.2,70.6,64,72.5,288,155.5,50.4,58.2
2015/8/7,133,88.5,98,71.3,64.4,72.5,278,154,50,57
2015/8/6,134,88.5,98.6,71.5,65,73,275,156,50.1,57.3
2015/8/5,134,89,99.3,71,65,73.6,270,155.5,50.6,58
2015/8/4,136.5,89.5,98.9,69.5,65.8,73.8,280,154,50.8,57.3
2015/8/3,134.5,89.2,97.8,69.8,64,74,299,152,50.3,56.3
2015/7/31,139.5,90.7,98,70,64.5,74.8,332,155.5,51,57.6
2015/7/30,138.5,90.9,96.5,69.6,65.5,72.9,327,158,50.5,57.3
2015/7/29,135.5,91.5,96,70,65,74.1,322.5,157,49.7,55.3
2015/7/28,134,90,95.5,69.6,64.8,73.2,321.5,162.5,49.6,56.6
2015/7/27,134,90.1,96,69.9,65.9,73.5,317.5,158.5,50.4,58.7
2015/7/24,137,90.5,95.5,71,66.5,75,326,158,52,60.4
2015/7/23,136,90.5,95.4,71.1,66.1,74.5,342,161,51.7,60.3
2015/7/22,139,94.8,95.3,71.3,66.7,73.5,350.5,160.5,52.6,60.5
2015/7/21,140.5,96.3,95.1,71.3,67.9,73.6,357,162,53.1,61.1
2015/7/20,139,95.1,95,70.8,67.2,74.1,346.5,161,52.6,60.3
2015/7/17,140,95.1,95.1,71.9,68.2,74.3,365,161.5,52.8,60.9
2015/7/16,136.5,96,94.9,71.9,68,74.9,369,160,53,60.8
2015/7/15,138.5,95.7,98.2,72.3,69.2,74.5,373,158,52.7,60.8
2015/7/14,138.5,94.7,98.2,70.5,68.2,72.6,389,153,52,60.1
2015/7/13,138.5,96.2,98.2,70,66.5,71.8,398,153.5,52,60.1
2015/7/9,136.5,93.4,97.7,69.8,65.6,69.6,400,153,49.95,58.2
2015/7/8,138,94.5,98,70,67.9,69.6,403,154.5,50,60
2015/7/7,140.5,97.3,98.7,72,70.6,72.5,418,156,52,62
2015/7/6,140.5,96.3,98.3,72.2,70.6,73,419,155.5,51.5,61.5
2015/7/3,142.5,97.3,98.3,72.5,70.6,73.8,426,157,52.4,62.2
2015/7/2,141.5,98,98.1,72.6,71.6,74,421,160.5,52.2,61.8
2015/7/1,141,98,98,72.8,72.8,74,427.5,157,52.5,61.2
2015/6/30,140.5,97,98.4,72.6,72.4,74.2,422,158,53.9,61.4
2015/6/29,138.5,96.9,97.5,71.7,71.5,72.2,426,158,53.2,62.7
2015/6/26,146,99.2,97.5,73.9,72.8,73.6,425,166,54.9,64.5
2015/6/25,146.5,99,97.5,73.7,73,74.3,432.5,166,54.4,64.7
2015/6/24,145,97.6,97.2,73.3,72.4,73.6,421.5,165,54.3,64.5
2015/6/23,144.5,97.1,97,72.1,71.2,73,426,163,54.4,64.8
2015/6/22,142,97.2,96.7,72.5,72.2,73.3,434,166,53,63.6
2015/6/18,142,94.6,95.9,72,69.5,70.7,422.5,160,52.1,61.9
2015/6/17,142.5,94.4,95.7,70.9,70,71.1,424.5,163,52.5,61.8
2015/6/16,142,94.8,96,72,71.1,72.1,412.5,164,53.1,62.8
2015/6/15,143,94,96.6,72.5,71.1,72.3,409,160.5,53.2,63.6
2015/6/12,144.5,95,97,72.8,71.7,73.4,416,160,53.3,63
2015/6/11,143.5,95.8,97.5,73.9,72,75.1,403.5,158.5,52.8,62.6
2015/6/10,139.5,95.6,97,73.7,72.5,74.7,403.5,162.5,52.7,62.6
2015/6/9,139,93.2,97,73,71.7,74.2,401.5,167,51.8,62.4
2015/6/8,138.5,94.9,97.7,73.8,72.8,74.2,400.5,170,52.5,63.8
2015/6/5,140,94.3,96,72.6,71.6,72.3,400.5,172,52.4,62.7
2015/6/4,141,94.5,95.8,73.2,71.8,72.2,403,167,52.3,61.5
2015/6/3,143,97,96.6,74.9,73.2,74.2,410,170,54.1,62.5
2015/6/2,144,97.8,96.9,75.7,73.1,75.1,410,170,54.4,63.1
2015/6/1,145,97.3,97.1,74.7,72,74,410,171.5,54.9,62.7
2015/5/29,146,99.1,97,75.3,72.6,75.1,414.5,175.5,54.9,63.2
2015/5/28,147,98.3,97.3,75.1,72.4,75.6,409,176,55.5,64
2015/5/27,145,97.4,97.8,75.5,73.7,76.7,400,172,55.5,64.7
2015/5/26,146.5,97.4,97.8,76,73.1,77.4,399.5,173,55.3,63.4
2015/5/25,147.5,96.9,98,76.2,73.1,77.1,397.5,171,54.4,63.2
2015/5/22,145.5,96.5,98.2,77.4,73.5,78.4,410,170.5,53.8,62.8
2015/5/21,145.5,97,97.6,75.1,72.6,77,400,170,53.5,62.3
2015/5/20,146.5,97.5,98.5,78.7,72.5,78.8,399.5,172,55.3,64.4
2015/5/19,146.5,98.4,99,79.1,74.1,79.3,392,174,55.3,65
2015/5/18,146.5,96.8,98.4,78.5,73.5,77.9,391.5,173,53.9,62.9
2015/5/15,146.5,93.1,98.4,77.8,72.6,76,390,177.5,54.4,63.7
2015/5/14,146,93.7,98.4,77.7,73.3,77.2,393,173,53.6,63.1
2015/5/13,148,94.5,98.7,78.5,75.2,78.3,397.5,173,55.3,66.4
2015/5/12,147.5,92.7,99.1,78.6,76.1,78.8,371.5,177,55.1,66
2015/5/11,148.5,93.2,99.1,78.3,74.7,77.3,370,178,54.5,65.8
2015/5/8,146.5,92.7,98.9,78.6,75.3,76.8,376.5,184,54.5,66.4
2015/5/7,146.5,92.1,98.7,77.8,74.2,77.7,368.5,184.5,54.3,64.4
2015/5/6,147.5,93,99.4,80,76.7,80,370,186,55.5,66.3
2015/5/5,147,93.1,99.3,80.3,76.8,79.1,374.5,186,55.7,67.5
2015/5/4,147.5,93.1,99,79.9,76.5,78.6,380,188.5,55.8,68.2
2015/4/30,147,92,99,78.9,75.5,78.2,395,185,53.7,66.1
2015/4/29,148.5,92.1,99.4,80.5,76.9,79.5,400.5,190.5,54.6,65.7
2015/4/28,151.5,93.6,99.3,80.8,77.7,80.2,399,194.5,55.5,65.5
2015/4/27,151.5,94.7,99.3,80.8,78.2,79.6,410.5,197,55,63.7
2015/4/24,152.5,94.6,99.4,80.5,79,79.4,419,196.5,53.7,61.2
2015/4/23,147,93.3,98.8,79.1,76.8,78.3,403,194,53.8,61.7
2015/4/22,143.5,92,98,78.6,75.3,76.1,402,190.5,51.4,57.7
2015/4/21,142.5,92.1,98,78.5,74.8,76.5,391,190,50.8,57.3
2015/4/20,143,92.8,97.8,77.1,73.3,76.2,390,190.5,50.3,57.5
2015/4/17,142.5,92.3,97.6,77.7,73.3,75.5,401,192,50.6,56.8
2015/4/16,147,93.3,98.1,78,73,76.1,409,195,50.8,57
2015/4/15,143,92.1,97.5,77,72.2,74,398.5,190.5,50.4,56.1
2015/4/14,144,93.8,99,77.9,71.9,74.2,415,195.5,50.6,57.1
2015/4/13,147,92.9,99.6,77.7,71.5,75,419.5,193,50.5,57.4
2015/4/10,147,93.1,99.5,76.5,70,74,421.5,193.5,50.6,57.7
2015/4/9,143,93,99.1,76,69.3,73.9,422,192,50.2,57.2
2015/4/8,143,93.7,98.8,75.6,68.7,74.4,421,193,49.95,56.5
2015/4/7,146,93.6,98.8,75.6,70,73.2,421,195.5,49.6,57.2
2015/4/2,147,93.2,99.3,74.8,69.5,71,412,197.5,49.6,57.3
2015/4/1,144,91.7,98.7,74.5,68.5,69.6,419.5,195,49.25,55.5
2015/3/31,145.5,91.6,99.5,75.9,69.5,71.8,423.5,197.5,50,56.2
2015/3/30,142.5,94,99.5,74.9,69.1,71,418,198,49.5,55.8
2015/3/27,142.5,93,99.5,74.9,68.6,70.8,419,193,49.25,55.4
2015/3/26,145.5,94.4,99.8,75.1,69,70.9,440,196,50,57.2
2015/3/25,151,94.4,99.5,74,67.9,70,443,200.5,49.05,56.7
2015/3/24,151.5,93.3,99.7,75.7,68.3,71.5,446,205.5,49.5,57.5
2015/3/23,153.5,93.5,98.8,75.3,68.4,71.2,438.5,206,50.2,57
2015/3/20,154,93,99.1,75.8,67.9,71,436,203,49.5,57.7
2015/3/19,154,91.1,99,75.6,68.9,71,434,203,49.55,58
2015/3/18,153.5,87.9,98.6,74.5,68.4,70,435.5,202,48.2,58
2015/3/17,149,87.3,98.4,74,67.5,69,430,194.5,48.05,56.5
2015/3/16,146,87.3,98,73.5,66.7,69.1,432,200,48.1,56.6
2015/3/13,149,88,98.5,73.6,67.1,69.3,448,201,48,56.8
2015/3/12,148,87.1,97.5,74.8,67.8,69.7,453.5,201,48.75,58.5
2015/3/11,146,87.3,97.3,73.5,67.1,68.5,453.5,203.5,48.5,58.8
2015/3/10,144,87.1,97.3,74.2,67.7,69,460,207,47.8,56.6
2015/3/9,145.5,87.8,97.2,75,68.1,69.7,460,208,47.5,55
2015/3/6,149,88.8,98,76.2,69.1,71,470.5,212,47.5,55.4
2015/3/5,150,88.5,98,75,67.6,69.5,475.5,207.5,47.15,54.4
2015/3/4,150.5,88.3,98,75.9,68,70.7,475.5,209,47.45,55
2015/3/3,150.5,86.3,98,76,68.5,69.1,478.5,210,47.6,55.2
2015/3/2,149,87.1,98,76.1,68.2,69.4,477,208,47.5,55.9
2015/2/26,150.5,87.1,98.2,77.5,68.2,70.4,473,203,47.8,56
2015/2/25,154.5,86.3,98.9,77.9,69.5,71.4,473.5,210,48.2,55.5
2015/2/24,151,85.8,98.6,78.1,69.3,71.3,470,203,48,55.5
2015/2/13,148.5,85.8,96.9,76.7,68.1,71.1,459,205,47.4,53.5
2015/2/12,148.5,86.2,96.5,77,66.2,71,458,202,47.6,52.9
2015/2/11,148,84.8,96,77.1,66.7,71.4,454,200,47.35,52.7
2015/2/10,142.5,85.5,96,77.4,68,70.7,454,193.5,47,52.8
2015/2/9,142,87,95.6,77.8,68.3,71.9,488,196,46.25,51.3
2015/2/6,143,87.3,96,78.3,68.4,72.4,479,197,46.25,51.4
2015/2/5,145.5,87.3,96,78,68.5,73,485,196.5,46.5,51.7
2015/2/4,146,87.5,95.8,78.5,68.5,73.1,485,199,46.4,51.5
2015/2/3,144.5,87.4,95.5,77.5,67.2,71.6,485,193,45.9,50.3
2015/2/2,142.5,86.5,95.4,77.3,65.8,69.5,482.5,195,45.8,50.3
2015/1/30,141,86.7,95.5,76.5,63.5,67.8,483,193.5,45.5,50.3
2015/1/29,143.5,86.7,95,77.2,65.7,69.6,497.5,194.5,45.5,51.1
2015/1/28,146.5,87.9,95.5,77,65.6,70,502,199,45.8,51.3
2015/1/27,147,88.8,95.5,76.5,65.6,70,502,200.5,46.45,51.5
2015/1/26,145,88.8,95.3,76.5,65.8,69.9,504,196.5,46.2,50.7
2015/1/23,145,87.8,95.5,76.4,65.9,69.9,494.5,196,46.4,50.8
2015/1/22,140,85.5,95.3,76.2,65.6,69,495.5,187,46.05,50.9
2015/1/21,141,85.3,95,76,65.4,68.7,493.5,185,45.4,50.2
2015/1/20,138,84.7,94.4,75.5,64.9,68,490,183.5,45,49.65
2015/1/19,139,83.7,93.9,74.6,63.8,66.6,487,181,44.5,49.25
2015/1/16,137,84.1,93.8,72.8,62.9,65.3,475.5,179,44.35,49.3
2015/1/15,131.5,84.8,93.5,74,64.3,65.5,486,180.5,45,49.6
2015/1/14,130,85.3,93.9,73.2,64.4,65.9,488,183.5,45.25,49.85
2015/1/13,132.5,86.3,94.1,74.5,65,65.5,483,177.5,45.8,50.3
2015/1/12,132,85.7,93.7,74,63.8,65.9,488,178.5,45.25,49.15
2015/1/9,134,86.5,93,71.8,64.2,64.5,488,183,45.75,49.65
2015/1/8,138,86.9,92.8,72,63.2,64.6,485,181.5,45.55,49.9
2015/1/7,134,85.2,92.5,68.5,61.1,62.7,486.5,180,45,49
2015/1/6,133.5,84.5,92.5,69,61.8,63.5,458,181,44.95,48.5
2015/1/5,139.5,87.2,93,71.5,63.9,66,462,190,46.4,50.4
2014/12/31,141,87.9,94,72.3,65.5,66.9,462,188.5,46.95,50.7
2014/12/30,140,87.8,93.2,72.1,64.6,66.6,462,189.5,46.85,50.9
2014/12/29,141,87.8,93.2,72.1,65.4,67.6,467.5,190,46.85,50.7
2014/12/27,138.5,88.4,92.8,71,64.5,67.3,464.5,186.5,46.75,50.4
2014/12/26,139,88,93,71.3,64.8,67,464,186,46.5,50.3
2014/12/25,137.5,87.8,92.9,71,64.3,66.4,461.5,184.5,46.3,49.95
2014/12/24,138,87.8,93,71.7,64.7,67.1,464.5,191,46.5,50.2
2014/12/23,137.5,87.3,92,68.7,62.4,65,458,186,46.15,49.95
2014/12/22,138.5,88,92.6,68,61.6,64.5,455,186,46.15,49.45
2014/12/19,138,85.6,92.5,66.7,60.1,63.9,457,185,45.35,48.5
2014/12/18,131.5,84.8,92,66,60,62.7,445.5,182,44.3,47.75
2014/12/17,130.5,84.3,91.8,65.1,59.2,62,440,177,45.05,47.7
2014/12/16,133,86,92,66.4,60.7,64.2,438,183.5,45.8,48.7
2014/12/15,136,87.7,91.6,66,60.1,63.6,439.5,176.5,45.75,49.2
2014/12/12,135,89.6,91.9,67.3,62,65.2,440.5,180.5,46.5,49.75
2014/12/11,134.5,89.9,91.8,68,62.5,65.8,434,181.5,46.3,49.85
2014/12/10,136,89.6,92.1,68.8,63.4,66.4,430,184.5,46.5,49.95
2014/12/9,138,90,92.7,69.8,64.4,66.7,438,183,47.35,50.4
2014/12/8,138,91.9,93,70.6,65.2,67.3,436,185.5,47.7,51.2
2014/12/5,137.5,93.2,92.8,71,65.9,67.9,458,185,47.5,50.5
2014/12/4,139,95.3,92.8,71,65.4,68.8,467,183.5,47.6,50.3
2014/12/3,138,94.5,92.7,70.7,64.3,68.1,462,184,47.5,49.75
2014/12/2,137.5,92.7,92.2,69.7,62.8,67.5,453,180,46.55,48.25
2014/12/1,140,95.3,92.4,69.7,63.1,68.2,463,184.5,48,49.35
2014/11/28,141.5,97,93,71,64.8,70,465,187,49.9,50.7
2014/11/27,140,97.1,92.6,70.6,64.5,70.1,465,188,49.8,50.2
2014/11/26,139,97.3,92.6,70.4,64.1,69.4,457,181,49.45,50.5
2014/11/25,139,96.4,92.4,70.4,63.4,69.5,450,180,49.85,50.4
2014/11/24,138.5,96.5,93.2,71.2,64.1,69.8,450,183,50,50.9
2014/11/21,138.5,96.3,93.5,70,63.5,69.6,445,175.5,49.8,50.4
2014/11/20,139,96.7,93.6,70.2,62.9,69.6,440,170.5,50,50.8
2014/11/19,136,96,93.2,69.8,61.9,68.9,440,171,49.7,50.2
2014/11/18,131.5,95.5,92.7,69.1,61.9,68.5,437.5,170,49.35,49.8
2014/11/17,133,95.6,92.6,67.7,61.3,67.2,448,170,49.65,49.85
2014/11/14,135,96.8,92.9,68,62.1,68.5,455.5,170,49.8,50.8
2014/11/13,134,98,92.5,68.3,62.3,68.9,454,176,49.3,50.8
2014/11/12,132,96,92.4,68.5,61.5,68.5,448,176,48.95,50.1
2014/11/11,134,97.7,92.8,69.6,63.2,70.1,445.5,176,49.8,51.3
2014/11/10,134.5,98.3,92.7,70,63.8,70.5,452,175,50,51.4
2014/11/7,131,96.3,92.2,69.3,61.6,68.6,427,172.5,49.05,50.4
2014/11/6,132,95.9,92.5,70,62.4,69.6,413,170,49,50.3
2014/11/5,132,98.2,92.4,69.8,62.1,70.2,426.5,170,49.05,50.8
2014/11/4,132,97.5,92.5,70.4,63.4,70,434,174,49.5,51
2014/11/3,131,98.1,92.5,70.5,63.4,70.3,437.5,179,49.95,51.3
2014/10/31,130.5,96,92.7,70.2,62.9,70.8,433,182,50,51.4
2014/10/30,128.5,95.2,92.7,70.3,62.6,70.7,428.5,177.5,49.45,50.9
2014/10/29,129,95,92.4,69.8,61.9,70.2,435.5,189,49.9,51.2
2014/10/28,128,95.5,92,68.6,61.3,69.7,425,183.5,49.15,50.8
2014/10/27,128,94,91.6,68,60.4,68.3,418,183.5,47,48.6
2014/10/24,125.5,93.2,91.7,67.6,60.3,68,419,185,46.3,48.05
2014/10/23,127.5,95,91.4,68,60.5,67.9,420,185.5,47,48.3
2014/10/22,129,94,91.6,67.9,60.4,68,425.5,185.5,47.25,47.75
2014/10/21,125,93.5,91.7,66.3,59.3,66.8,420,184.5,46.9,47.45
2014/10/20,126,93.2,91.1,66.2,59.1,66.3,418,185,46.6,47.3
2014/10/17,123.5,89,90.3,65.4,58.6,65.2,420,185,45.5,46.4
2014/10/16,121.5,92.2,91.5,67.7,60.2,66.9,422,187,46.8,48
2014/10/15,121.5,93.5,91.5,68,60.8,67.4,427,185.5,47.95,48.75
2014/10/14,121,96,91.4,69.4,63.7,68.2,418.5,188.5,48.95,49.3
2014/10/13,120.5,95.8,91.1,69.5,63.7,68,403,184.5,48.15,48.4
2014/10/9,125,97.6,91.4,71,65,68.7,420,189.5,50,49.35
2014/10/8,122.5,96.7,91.5,71.1,64.5,67.6,443,190,49.5,48
2014/10/7,125,97.6,91.1,70.8,65.8,68.2,455.5,198,50,48.2
2014/10/6,126,98.5,91.1,70.9,66.4,68.8,466,194.5,50,47.8
2014/10/3,124.5,99.3,91.8,71.5,67.6,69.7,455,190.5,50,48.05
2014/10/2,121,97.5,91.5,70.9,66.8,69.1,456,191,48.6,46.6
2014/10/1,121.5,98.4,91.7,71.4,66.4,69.8,457.5,191.5,49.1,46.5
2014/9/30,120,96,91.7,72.1,66.6,70.3,450.5,192,49.55,46.7
2014/9/29,120.5,97.6,91,72,67.7,70.1,445,187.5,50.1,46.7
2014/9/26,121,97.1,91.5,73.5,67.5,71,455,191,50.1,46.5
2014/9/25,122,100,91.5,73,66.3,70.9,450.5,189,50,47.45
2014/9/24,123,100.5,91.8,73.3,65.9,71,448,188,50.1,48.15
2014/9/23,122.5,100.5,91.7,73.5,66,70.5,473,190,49.95,48.2
2014/9/22,122,100.5,91.6,73.5,67.1,71.3,494,191.5,50.8,49.05
2014/9/19,125,101,92,74.8,68.3,71,497,192,50.8,49.15
2014/9/18,125,102,92,75.1,68.6,71.6,500,193,50.7,49
2014/9/17,124.5,101,91.7,75.2,68.1,71.8,497.5,196.5,50.2,48.45
2014/9/16,122.5,99.5,91.4,75,67.8,71.3,497,197,49.75,48.3
2014/9/15,123.5,101,91.6,75.3,68.4,71.5,501,201.5,50,48.5
2014/9/12,123,99.4,92.1,75.4,67.8,71.5,506,193,50.9,49
2014/9/11,125,100,91.8,75.5,68.5,71.5,510,200,51.7,49.6
2014/9/10,125,101,91.9,75.8,68.9,71.7,513,205,52,50
2014/9/9,127,102,92.3,77.3,70.6,74,520,205,52.4,50.2
2014/9/5,127,100.5,92,78,70.5,74,513,207,52,49.85
2014/9/4,127.5,99.9,92.5,78.1,70.7,74.3,515,209.5,51.8,49.9
2014/9/3,128,101,92.9,77.5,71,74.1,514,217,51.5,50
2014/9/2,126,100.5,91.9,77.4,70.9,74,515,215,50.7,48.95
2014/9/1,128.5,101.5,92.2,77.5,71.3,74.5,515,218,51.5,49.4
2014/8/29,124,102,92.9,77.5,70.5,74.4,499.5,210,51,48.8
2014/8/28,125,102,93.7,78.5,72.2,75.8,496.5,210,51.8,49.6
2014/8/27,125.5,112,93.5,78.6,72.3,75.8,501,209,52.1,49.55
2014/8/26,124.5,110,93.5,78,72,75,495,207,51.8,48.6
2014/8/25,125,110.5,93.5,78,72,75,501,207,51.8,48.75
2014/8/22,125.5,110,93.6,78.1,72,74.9,509,207.5,51.9,49
2014/8/21,124.5,108.5,93.2,76.9,70.7,73.9,513,207.5,50.9,48.5
2014/8/20,125.5,108.5,93.3,77.3,71,73.9,512,207.5,50.5,48.5
2014/8/19,124,108.5,93,76.8,71.2,73.4,510,207.5,49.4,46.6
2014/8/18,123,107.5,91.9,75.4,70,72,500,207.5,49,46
2014/8/15,124,107.5,92,76.3,70.6,72.8,500,207.5,49.4,46.8
2014/8/14,124,109,92,75.5,70.6,72.6,500,207.5,49.8,47.45
2014/8/13,122.5,106,92.2,75.9,71,73.2,498.5,207.5,49.3,46.7
2014/8/12,121.5,104.5,91.8,75.7,69.9,72.2,489.5,206,48.55,46.35
2014/8/11,120.5,104,91.8,75.5,69.6,71.7,495,207.5,48.9,46.4
2014/8/8,120.5,102.5,91.5,75,68.6,71.2,490.5,208,48.3,45.45
2014/8/7,121.5,103.5,91.8,75.3,69.3,71.9,492,208,48.7,45.55
2014/8/6,120.5,103.5,91.1,76.2,69.3,71.5,503,201.5,48.6,45.25
2014/8/5,119.5,102,91.1,74.3,66.7,71,487,202,47.55,44.55
2014/8/4,123.5,105.5,91.5,75.2,67.4,72.3,492,204.5,49,46.4
2014/8/1,120,102,92,76.7,69.1,72.6,496.5,201.5,49.4,46.4
2014/7/31,121,103.5,91.5,77.3,70.1,73.3,469,206,50.4,47.5
2014/7/30,124.5,104.5,91.6,78.7,71.7,74.6,502,205,50.9,48.6
2014/7/29,124,105,91.6,77.7,72,73.9,498,206,50.1,47.5
2014/7/28,121.5,105,91.3,77.7,71.7,73.7,503,203,53.9,49.5
2014/7/25,123,108,91.6,77,71.5,72.8,507,205.5,53,49.3
2014/7/24,125,110.5,92,77,72.1,72.3,513,209,53.1,48.7
2014/7/22,124.5,110,91.9,77.2,71.9,72.5,517,208,51.6,48.2
2014/7/21,123.5,110.5,91.6,77.1,72,72,507,204,51.6,47.7
2014/7/18,123.5,107.5,92,76.6,72,71.9,504,200,51.5,47.45
2014/7/17,124.5,106.5,92,76.6,72,71.4,495,205,51.2,47.4
2014/7/16,130.5,107.5,95.6,76.7,71.9,70.9,497,206.5,50.8,47
2014/7/15,133,111,95.9,77.8,72.5,71.3,496,206,51,48.55
2014/7/14,132.5,110,95.8,77.2,72,71,503,205,50,47
2014/7/11,136.5,109,95.8,77.3,72.5,71.5,501,208,47.85,45.6
2014/7/10,134.5,108.5,96,77.5,71,71.5,515,208,48.3,45.7
2014/7/9,134,105,96.1,76.9,70.9,71.5,519,206.5,46.95,44.65
2014/7/8,134.5,104.5,96.1,77.4,71.9,71.6,522,209.5,46.9,43.45
2014/7/7,136,103.5,95.6,77,72.8,71.6,531,207.5,46,43
2014/7/4,135,103,95.6,77.5,73.5,71.8,526,211,46.25,43
2014/7/3,134.5,104,95.8,77.6,74,74.8,535,208.5,46.15,42.75
2014/7/2,132.5,103,96,80.2,75,76,518,214,46.25,43.1
2014/7/1,128,102,96.1,80,73.9,76.5,508,217.5,46.5,43
2014/6/30,126.5,100,96.2,79.8,71.9,75.6,505,217.5,46.65,43.15
2014/6/27,125.5,98.6,96.5,79.8,71.5,75.4,501,209,46.2,42.55
2014/6/26,124.5,98.5,96,79.8,71.6,75.4,515,209,46.1,42.8
2014/6/25,123.5,96.5,96.1,79.1,70.8,74.7,505,205,45.7,42.85
2014/6/24,123,98.2,96.4,79.9,70.8,75.4,505,205,45.8,42.25
2014/6/23,123,97.6,96.4,79.3,69.6,74.9,511,205,46.9,42.05
2014/6/20,124.5,94.3,96.4,78.5,69.2,74.2,509,205,46.9,43.3
2014/6/19,126,93.9,96.9,79.3,69.9,74.4,518,201,47,43.55
2014/6/18,125.5,94.1,96.5,78,69.6,73.9,513,198,46.95,43.3
2014/6/17,125,94,96.2,76.8,68.7,73,510,192,46.85,43.25
2014/6/16,124,92.7,96.4,76.4,68.5,72.8,496.5,190.5,46.55,43.15
2014/6/13,123,93.2,96.2,76.7,68.6,72.6,500,193,46.35,43
2014/6/12,123.5,93.4,96.1,76.5,68.7,72.3,500,194,46.5,43.3
2014/6/11,125,93.8,96.5,76.7,69.1,72.7,506,196.5,46.7,43.3
2014/6/10,124.5,94.1,96.6,77,69.3,72.8,510,197,46.75,43.35
2014/6/9,123,93.5,96,77.1,68,72.6,509,194,46.05,42.85
2014/6/6,122.5,93.2,95.4,77.1,67.1,72.5,500,192,46.05,43
2014/6/5,123,92.9,95,77.5,67.5,72.7,507,192,46,43.1
2014/6/4,123.5,93.1,95.5,77.5,67.9,72.9,490.5,194.5,45.7,42.85
2014/6/3,122.5,93,96.5,78,67.7,73.1,492,200,46.15,43.1
2014/5/30,119.5,92.4,96,76.7,67.4,71.9,487,195,45.9,43.15
2014/5/29,122,93.5,96.5,78.1,67.7,73.5,498,196.5,46,43.1
2014/5/28,124,93.4,96.7,77.7,67.1,73.7,508,194.5,45.9,42.75
2014/5/27,123.5,92.8,96.2,77.8,66.6,73,509,191.5,45.3,42.1
2014/5/26,123,92.5,96.8,77.9,66.2,73,494.5,194,45.2,42
2014/5/23,122,93,96.5,77.5,66.1,73,498.5,189,45.15,41.5
2014/5/22,122,92,96,77.6,66.3,72.4,505,190,45,40.85
2014/5/21,120.5,90,95.4,76.9,65.6,71.6,488.5,186.5,44.9,40.2
2014/5/20,121,90.6,95.1,76.3,64.9,71.3,492,189,44.9,40.8
2014/5/19,121,89.8,95,77.2,65.1,72,492,189.5,45.2,41
2014/5/16,122,88.8,94.9,76.4,65.5,71,502,189.5,45.25,40.2
2014/5/15,122,88.6,94.6,76.6,65.7,71.4,500,188.5,44.8,39.85
2014/5/14,122,88.2,94.8,77.3,65.7,71.9,504,185.5,44.95,40.05
2014/5/13,120.5,87.9,94.4,76.9,65.3,71.1,491.5,182.5,44.5,39.45
2014/5/12,118.5,87.7,94,77,65.1,70.7,493.5,178.5,44.4,39.85
2014/5/9,120,89.4,94.8,77.8,65.9,71,506,180,44.65,40
2014/5/8,119.5,89.1,94.1,77.4,65.6,72.1,512,184.5,45,40
2014/5/7,118.5,88.8,94,78.2,64.5,71.1,518,186,43.8,39.7
2014/5/6,118,89,94,77.7,64.7,71.6,509,189.5,44.35,40.15
2014/5/5,117,88.7,94,78,65.5,72,513,188.5,42.3,39.15
2014/5/2,118,88.8,94.4,77.8,66,72.3,505,185,42.6,39.6
2014/4/30,118.5,86.6,94.2,77.8,66.1,73,472,185,42.6,39
2014/4/29,120.5,87.8,94.1,76.9,65.9,72.3,483.5,186,43.1,39.15
2014/4/28,119,86.4,94,76.1,65.5,72.4,485.5,189,42.85,39.15
2014/4/25,118.5,87,93.7,75.7,65.6,71.9,469,183,43.25,39.75
2014/4/24,121,88.6,94.5,76.8,66.5,72.4,477,184,44.05,40.65
2014/4/23,121,88.6,94.5,75.8,65.7,72.9,472.5,184.5,44.4,40.75
2014/4/22,121.5,87.8,94.4,77.1,66.2,73,470,185.5,44.55,41.3
2014/4/21,121.5,87.9,94.4,77.6,66.5,73.7,469,184.5,44,41.1
2014/4/18,123,88,94.5,77.8,67,74.1,457,184.5,44,41.55
2014/4/17,120,87.9,94.3,77.6,66.7,73.9,461.5,183,44.05,41.6
2014/4/16,121,87.5,94,77.4,66.8,73.8,452,181,43.85,41.6
2014/4/15,122.5,87.2,94,77.8,66.7,74.3,456.5,183,44.1,41.55
2014/4/14,120.5,86.6,93.7,77.5,66.3,73.9,460,180,44.55,41.65
2014/4/11,120,86.1,93.7,77.5,66,74,465,184,45,41.85
2014/4/10,119.5,86.8,93.7,77.5,65.4,73.9,469.5,185,45.25,41.8
2014/4/9,119,86.5,93.4,77.5,64.6,73.9,461.5,185,44.45,41.3
2014/4/8,119,86.4,93.2,77.5,64.5,73.1,460,184,44.45,41.2
2014/4/7,117.5,86.3,93.5,77.1,64.5,73.1,461,184,44.35,41.5
2014/4/3,118.5,86.2,93.4,77.1,64.4,73.3,458,185,44.2,41.6
2014/4/2,120,86.2,93.7,76.8,64.4,73.6,467,190.5,44,41.8
2014/4/1,119.5,86.2,93.7,76.3,64.1,73.4,463.5,186,44.15,41.4
2014/3/31,118.5,86.3,93.7,76.2,64.5,73.6,449.5,188,44.4,41.3
2014/3/28,117.5,86.3,93.4,76,64.8,73.8,445,180,44.45,41.3
2014/3/27,116,86.3,93.3,75.9,64.8,73.6,452,181,44.3,41.1
2014/3/26,115.5,86,92.8,74,63.8,71.7,457.5,184,44.1,41.1
2014/3/25,113.5,85.7,93.7,74.6,64.4,72.8,451,180.5,44.3,41
2014/3/24,112.5,86,92.9,73.4,64.3,71.4,444,176.5,43.65,40.55
2014/3/21,112.5,84.7,93,73,63.7,70.2,442.5,173,43.4,40.55
2014/3/20,112,84.4,92.9,73.8,63.8,71.1,443.5,176,43.3,40.5
2014/3/19,114.5,85.3,93.3,73.3,64.1,72,440,179,43.85,41.35
2014/3/18,114.5,86,93,74,64.2,72,453,179,44.35,41.8
2014/3/17,114,86.7,92.5,73,63.6,71.2,453,179,43.95,41.7
2014/3/14,115,85.5,92.2,73.5,62.5,72,460,181.5,44.35,41.35
2014/3/13,116.5,86.1,93.2,75,63.9,73.5,452,187,45,41.5
2014/3/12,113,84.7,93,75,64.4,74,456,175,44.4,41.5
2014/3/11,114,84.2,93,76,65,74.5,474.5,170,44,41.5
2014/3/10,113,84.6,92.4,75.4,64.6,74.5,472,166.5,44,41.5
2014/3/7,114.5,84.7,92.4,76.3,64.4,74.6,473,169.5,44.65,42.3
2014/3/6,113,84.4,92.3,75.5,64,74.1,465,171.5,44.5,42
2014/3/5,110,83,91.9,75.5,64.3,74.8,450.5,169.5,43.6,41.75
2014/3/4,107.5,82.8,91.3,75.3,64.1,75.2,445,163,43.55,41.6
2014/3/3,108,83.1,91.7,76,64.2,76,450,167,44.2,41.95
2014/2/27,108,84,92,77,64.9,77.1,445,168.5,44.7,42.35
2014/2/26,107.5,83.6,91.4,77.5,64.4,77.6,445.5,165.5,44.5,42
2014/2/25,108,82.8,91.4,77.2,64,78.3,445.5,163.5,44.45,42.2
2014/2/24,107,82.7,91.8,76.8,64.3,78,436,162.5,44.7,42.3
2014/2/21,107.5,83.7,91.7,77,64.7,78.4,436,165.5,46.1,43.4
2014/2/20,106.5,82.8,91.3,76.4,64,77,435,165.5,45.5,43.05
2014/2/19,108,84,91.8,77.3,64,77.8,435,168.5,46,43.2
2014/2/18,108,83.8,91.3,76.7,64.4,77.5,433.5,167.5,46,43
2014/2/17,108.5,83.5,91.2,76.7,63.6,77.9,429,164,45.3,42.45
2014/2/14,107.5,83.5,91.2,77,64.5,77.9,431.5,164,45.8,42.8
2014/2/13,105,82.7,90.7,76.5,63.7,76.7,429,164,45.2,42.4
2014/2/12,105,82.3,90.7,76.9,64.2,77.1,434,166.5,45.6,42.6
2014/2/11,104.5,80.4,90.1,76.3,63.5,77.2,419,158,45.05,42.1
2014/2/10,103,81.7,90.3,75.6,63.6,75.8,410,156.5,44.9,41.6
2014/2/7,104,81.4,90.4,75.4,63.3,76,409.5,156,45,41.75
2014/2/6,102,81.9,90.3,75.2,63,75.1,407.5,156.5,44.2,41.5
2014/2/5,100.5,81.3,90.3,75.3,63,75.8,401,158.5,44.1,41.3
2014/1/27,105,84.9,91.9,78,66.1,79.4,400.5,166.5,45.65,42.8
2014/1/24,108,85,91.7,80.1,67.1,81.5,407.5,170,46.9,43.3
2014/1/23,107.5,83.9,91.8,79.9,66.8,81.1,402,168,47.1,43.4
2014/1/22,107.5,84.2,91.9,80,66.3,80.3,399,172,47.6,43.9
2014/1/21,106.5,84.5,91.9,79.5,65.5,80.3,388,172,47.7,43.7
2014/1/20,107.5,85.2,91.8,79,65.3,81,410,171,47,43.6
2014/1/17,107.5,83.8,92,78.7,66,80.3,415,167,46.95,43.05
2014/1/16,107,83.9,92,79.2,67,80.3,418,169,47.2,43
2014/1/15,105,83.3,92,79,66.7,80.8,419,166,46.6,43.05
2014/1/14,103.5,82.3,92,78.6,66.1,80.8,415.5,165,46.6,43.3
2014/1/13,103,81.8,92,79,67.4,81.6,415.5,165.5,47.4,43.35
2014/1/10,102,81.2,91.9,78.8,66.9,81.3,417,161.5,47.5,42.7
2014/1/9,101,80.5,92.1,78.8,66.8,82.2,412,165,48.05,43
2014/1/8,104,79.5,92.1,78,67,81.7,407,165,48.3,42.5
2014/1/7,102,79,92.1,78.4,67,81.9,418.5,164.5,48.55,42.6
2014/1/6,102.5,79,92.3,79,67.1,82.7,431.5,164.5,47.95,42.25
2014/1/3,102.5,79.4,92.8,79.5,67.3,82.7,435.5,166,48.7,43
2014/1/2,104.5,80.4,92.8,79.8,68.2,83.1,441,168,49.1,43.55
2013/12/31,105.5,80.1,93.1,80.5,68.9,84,443.5,170,48.25,43.6
2013/12/30,106,80.3,93.2,80,69.5,84.9,444.5,166,48.45,43.7
2013/12/27,104.5,79.9,93.4,79.2,69.5,83.8,436,165.5,47.2,42.95
2013/12/26,104,79.3,93,79.1,68.8,83.7,428.5,165.5,47,42.55
2013/12/25,103,79,92.6,79.5,68.5,84.5,430,166.5,47.15,42.75
2013/12/24,103,79.1,92.4,79,67.8,83.8,427.5,167,47,42.6
2013/12/23,104,79,92.4,78.8,67.8,84.5,431.5,165.5,47,42.65
2013/12/20,102,79,92.6,77.6,68,83.4,432.5,166,46.5,42.15
2013/12/19,102.5,79.3,92.3,78.1,68.8,85,429,163,46.55,42.1
2013/12/18,101,78.9,92,78.1,68,83.5,418,157.5,45.85,41.35
2013/12/17,103.5,78.1,92,78.2,68.5,83,423.5,157.5,46,41.5
2013/12/16,102,77.6,91.9,78.2,68.9,83,417,155,45.7,41.3
2013/12/13,102.5,78.5,92.3,79.1,69.5,84.9,417,159,46.3,41.85
2013/12/12,103,78.5,92.5,78.9,68.3,84,421,161.5,45.85,41.95
2013/12/11,105,78.2,92.9,79.7,69.6,85.6,430,161.5,46.6,42.5
2013/12/10,104,79.9,92.5,79,68.8,85.7,429.5,162,46.2,42.45
2013/12/9,105,79.6,92.7,78.9,68.4,85.2,428,158,46.4,42.1
2013/12/6,103,78.5,91.9,77.1,66.5,83.6,430,154,46,41.7
2013/12/5,104,78.4,91.8,78.1,66.9,83,430.5,152.5,46.5,41.85
2013/12/4,105,79,91.9,78,66.6,83.3,435,159.5,46.7,42
2013/12/3,104,78.1,92.3,77.4,65,82.5,434.5,161,46,42
2013/12/2,104.5,78.2,92.7,78,65.4,83.5,430,162,46.35,42.25
2013/11/29,105,78,92.8,77.8,64.8,83.4,436,158,46.5,42.3
2013/11/28,105,75.9,92.5,77.4,64.6,83.6,435,158,46.6,41.95
2013/11/27,105,75.4,92.5,76,64,83,428.5,157.5,46.4,41.95
2013/11/26,103.5,75.5,92.8,75.4,63.4,82.2,431.5,155,46.15,41.8
2013/11/25,101,75.1,91.5,75.8,63.9,81.7,428,150,46.4,42
2013/11/22,100,74.6,91.5,75.1,63.6,82,424,152,45.4,41.2
2013/11/21,101,75,91.4,74.1,63,81,415,145,44.55,40.9
2013/11/20,103,75.8,91.8,75.1,64.7,81.6,419,145.5,44.85,41.8
2013/11/19,105,75.8,92.3,76.1,65.3,82.9,431.5,147.5,44.85,41.9
2013/11/18,104,75.6,91.9,75.9,64.9,83.8,414,147.5,44.7,41.7
2013/11/15,104,75.3,91.9,75.8,64.3,82.4,410.5,144,43.55,40.85
2013/11/14,103.5,75.4,91.9,74.2,63.1,80.1,410.5,143,43.05,40.75
2013/11/13,103,74.4,92.4,75,63,80.1,412.5,145,43,40.65
2013/11/12,105,74.5,93,76.7,64.6,81.9,415,146,43.3,41.2
2013/11/11,104.5,74.9,92.4,75.7,62.9,81,426,145.5,43.15,40.85
2013/11/8,106,73.9,93,75.9,63.1,80.2,428,145,43,41
2013/11/7,107,74.5,93,76.4,64.1,81.1,429.5,145,43.3,40.85
2013/11/6,107,74.4,93.3,76,63.8,81,432,145,43.5,41.25
2013/11/5,106.5,73.6,93,76,63,81,430,147,42.85,41
2013/11/4,109,74,92.5,77.3,64.5,82,432.5,151,43.6,41.5
2013/11/1,109.5,74.4,93.3,79,66,83.8,404.5,149.5,43.85,42.2
2013/10/31,109.5,74.5,94.6,79.8,67,84.9,402,152.5,44.3,43
2013/10/30,110,75,94.4,79.5,66.9,84.8,395,152.5,46.45,42.95
2013/10/29,109.5,74,93.2,79.4,66.8,84.8,395,155.5,46.45,42.25
2013/10/28,109.5,75,93.2,78.9,66.3,84.6,391,155,46.35,42.05
2013/10/25,107,75.2,92.3,79,66.2,84.6,388.5,150,45.55,41.25
2013/10/24,110,75.8,92.7,79.6,66.6,83.5,394,149.5,45.85,41.45
2013/10/23,111,75.3,92.3,79.6,65.6,83,396,148,45.6,41.75
2013/10/22,111.5,75.5,90.6,79.8,66,83.7,391.5,147.5,46.2,42.75
2013/10/21,110,75.1,92.4,79.5,65.8,83.8,391.5,147.5,46.1,42.9
2013/10/18,110,75,93.4,79.2,65.8,83.2,395,147.5,45.9,42.6
2013/10/17,107,73.7,93.5,79.2,65.6,83.3,394,146,45.65,43.3
2013/10/16,106,73.5,93.5,77.8,65.2,81.8,389.5,146,46.15,43.25
2013/10/15,107,73.8,93,77.7,65.4,81.4,394,147,46,43.55
2013/10/14,105,74,93.2,76.6,65.1,80.7,384.5,147,45.9,43.5
2013/10/11,106.5,75.4,92.8,77.5,65.6,82.2,384.5,148,45.65,43.25
2013/10/9,105,75.3,93.1,78,65.3,81.8,382,147,46.15,43.25
2013/10/8,105,75.8,93.2,78,65.5,82.9,378.5,146,45.05,42.95
2013/10/7,103,75.2,93.7,77.6,65,82,373,148,44.2,42.15
2013/10/4,104,75.9,94,79,65.8,84,379.5,148,43.5,42.15
2013/10/3,105,76,93.8,79.6,65.9,83.4,376,148.5,43.75,42
2013/10/2,103,75,93.5,77.6,63.9,82.4,368,143.5,42.3,40.7
2013/10/1,101.5,75.5,94,77,62.5,80,365.5,145,42.4,40.9
2013/9/30,100.5,75.9,94.7,76.3,62.2,78.6,365.5,143.5,42.1,40.9
2013/9/27,103,76.3,93.9,77.5,63.3,78.9,370.5,145,42.6,41.45
2013/9/26,101.5,75.8,93.6,76.8,62.2,77.8,372,142.5,42.1,41.35
2013/9/25,103,76.8,94.3,77.5,63.5,79.1,371.5,141.5,42.8,41.85
2013/9/24,105,76.9,94,77.2,63.4,78.8,369.5,145,42.7,41.75
2013/9/23,105.5,76.2,94.7,77,63.5,79,371,144,42.7,41.9
2013/9/18,103,75.9,94.9,76.6,63.5,77.8,370,135.5,42.15,41.35
2013/9/17,105.5,75.9,94.8,77.5,64.2,79.5,372,135,42.7,41.35
2013/9/16,105.5,76,94.9,77.7,63.7,80.2,370,135,42.8,41.3
2013/9/14,102.5,74.8,94.4,76.1,61.5,78.2,366,134.5,42.2,40.55
2013/9/13,102.5,75,94.3,76.2,61.8,77.5,370.5,136,42.8,40.7
2013/9/12,103.5,74.8,94,77,63.2,79.8,374,136.5,43.25,40.7
2013/9/11,104.5,76,94.4,76.5,62.7,80,370,137,42.9,40.85
2013/9/10,104.5,77,94.9,77,62.2,79.5,369,136.5,42.85,40.35
2013/9/9,103,77,94.6,77,61.5,79,370,138,43,41
2013/9/6,102,82.9,94.4,76,60.3,78.1,369.5,136.5,42.9,40.85
2013/9/5,101.5,82.2,94.8,76.9,60.9,78.9,367.5,139.5,42.8,41.3
2013/9/4,100.5,82,94.6,76,60.2,78.6,365,137,42.45,41
2013/9/3,102,82,94.1,75.5,59.2,78.2,363.5,138.5,42.5,41.15
2013/9/2,102,81.6,94.3,75,58,77.6,358,135,42.1,40.85
2013/8/30,100.5,81.2,94.6,74.6,58.6,77.7,367,135.5,42.4,41
2013/8/29,98.7,79.8,93.8,74,58.2,76.4,363.5,138.5,41.7,40.25
2013/8/28,96.8,79.3,93.5,72,56.6,75,366,131.5,41,39.6
2013/8/27,95.6,80,94,72.2,56.4,75.5,367.5,130,40.35,39.9
2013/8/26,96.8,81.3,93.7,72.8,56.8,76,367.5,129,40.6,40.4
2013/8/23,97,80.5,93.2,72.5,56.7,74.7,367,128.5,40.75,40.5
2013/8/22,94.5,80.7,93.1,71,56.3,73.5,368,124.5,40.5,40.75
2013/8/20,94.4,80.1,93.4,72.5,57.7,75,370,128,41.25,41.2
2013/8/19,95.5,79.4,93.4,72.5,58.3,75,375,133,41.3,40.9
2013/8/16,96.5,79.1,94,73.6,59,75,360,138,41.6,40.9
2013/8/15,96,78.5,93.4,73,58.5,75,360,136,41.45,40.85
2013/8/14,96.8,79.1,93.8,73.8,59.4,75,363,139,41.9,41.2
2013/8/13,97.2,79.1,94,74.4,60,75.3,366,140,41.7,41.5
2013/8/12,96,77.5,94,74.4,59.3,75,352.5,136,41.75,40.65
2013/8/9,96.4,76.3,93.5,73.4,59.3,74.5,351,135,41.25,40.55
2013/8/8,96.4,77,93.6,74.7,60.2,75.5,354,135,42,41
2013/8/7,97,77.1,93.8,74.8,60.8,75.5,350,138,42,40.5
2013/8/6,98.8,78.1,94.4,75.8,63,76,351,139.5,42.8,41.8
2013/8/5,100.5,79,95.2,78,63.8,77.7,358.5,142.5,43.8,42.45
2013/8/2,100.5,76.9,95,77.8,63.9,76.9,363,143,43.75,42.15
2013/8/1,100.5,76.6,94.9,75.1,62,75,362,141.5,42.75,41.55
2013/7/31,102.5,77.8,95.9,75.4,63,74.6,360,145.5,43.6,42.1
2013/7/30,102,78.7,95.5,76.4,65,76.4,355.5,139,43.9,41.45
2013/7/29,100,78.6,95.7,75.8,63.8,74.9,361,131.5,43,40.8
2013/7/26,102.5,78.9,95.6,75.5,64.5,76.4,358,140,42.65,40.75
2013/7/25,102.5,79.2,95.6,76.7,66.4,77.1,355,143,42.6,40.75
2013/7/24,102,79,95.8,77.5,66.6,77,346.5,145.5,43.3,40.75
2013/7/23,100,77.9,96.7,78,66,76.6,343.5,147,43.75,41.3
2013/7/22,97,77.6,96.5,76.4,65.4,76.6,330.5,145.5,44,40.8
2013/7/19,98.2,77.4,95.5,74.3,66,78.3,322.5,147,42.75,40.35
2013/7/18,105.5,78,95.7,74.9,66,79,331,147,44.45,40.55
2013/7/17,109,77.4,95.4,75,64.6,78.5,340,148,44.45,40.3
2013/7/16,108,78.4,99.8,76.4,63.8,78,349.5,149,43.5,40
2013/7/15,109.5,78.5,99.9,76.3,64,78,358,145,43.1,40.15
2013/7/12,110,78,100,75,62,76.6,360,145,43.45,41.2
2013/7/11,109.5,78,99.8,74.4,61.5,75.7,350,145,42.9,39.95
2013/7/10,106,75.9,99.4,72.7,59,73.3,351.5,147,41.75,38.95
2013/7/9,106,74.5,99.4,72.3,59.4,72.5,353.5,146,41.6,38.3
2013/7/8,105,73.4,98.7,70.5,57.7,70.5,349,144,40,37.4
2013/7/5,109,74.6,99.2,70.9,59.3,71.2,345.5,148,40.2,37.7
2013/7/4,107,72.6,98.1,69.7,58.1,70.2,330,144.5,39.8,37.15
2013/7/3,107,73.2,97.8,69,58.1,68.8,335.5,145.5,39.2,37.05
2013/7/2,110,73.3,97.9,69.7,59.2,70.6,341.5,145.5,40.4,39.05
2013/7/1,108,74.1,98,71,60.7,70.4,345,142,40.65,39.75
2013/6/28,111,74,102,72.5,63.2,73.5,348.5,136.5,40.9,40.85
2013/6/27,104.5,73,95.9,70.2,59.3,69,328,135.5,40.4,40
2013/6/26,101.5,73,95.3,68.8,58.5,67.4,328,132.5,40.1,38.65
2013/6/25,101,70.2,95.5,68.2,58.5,66.9,314,132.5,40,37.9
2013/6/24,101,70.3,95.1,68.4,58.7,67.5,309,136.5,41.2,39
2013/6/21,103.5,70,95,67.8,57.5,66.2,330,135,40.65,38.9
2013/6/20,104,70.7,95.3,68.6,58.9,68,342.5,134,40.35,39.3
2013/6/19,105.5,72,95.7,69.6,60.5,69.8,351.5,138.5,40.05,39.6
2013/6/18,106.5,71.5,96,69,58.5,69.1,355.5,138.5,39.7,39.8
2013/6/17,106,71.1,95.2,69.7,58.8,70.6,354,134.5,40.2,39.95
2013/6/14,106,72.6,94.6,68.5,58.5,68.2,352,133.5,39.55,39.65
2013/6/13,104.5,73.4,94.5,68.4,58.7,68.2,361,137,39.65,39.45
2013/6/11,108,75,95.2,69.5,60.4,71,366.5,144,40.2,40.05
2013/6/10,108.5,76.2,95.2,70,61,71,376,143.5,39.5,39.85
2013/6/7,108.5,75.2,95,69.9,59.5,70.4,370,141.5,38.75,39.65
2013/6/6,107.5,75,94.5,69.4,58.5,69.5,366.5,139,38.75,39.5
2013/6/5,109.5,75.8,94.5,69.6,59.5,70.7,364.5,139.5,39.3,39.7
2013/6/4,109,76.2,94.9,69.9,60.3,70.8,369,142.5,38.25,39.45
2013/6/3,107.5,76.5,95,69.5,60.5,70.5,368,140.5,38.55,39.2
2013/5/31,109.5,76.7,95.5,69.5,61.2,70.6,372,144,39,39.7
2013/5/30,110,77.2,95.6,70,62.1,71.4,361.5,141,39.3,40.1
2013/5/29,111,78.3,97.1,71.1,63.9,72.8,364,142,39.85,40.65
2013/5/28,109.5,77,97,71,62.5,71.4,363,141,39.6,40.25
2013/5/27,112,77.3,97,70.4,63.5,71.7,360,143.5,39.65,40.45
2013/5/24,109.5,76.9,96.5,70,62.5,71.4,363,142,39.9,40.35
2013/5/23,108,77.1,97.6,71.2,62.5,72.6,370,144,39.75,40.35
2013/5/22,112,78.3,98.2,73.3,64,74.3,382,146.5,40.9,41.7
2013/5/21,112.5,77.3,98.1,73.9,64,74.5,377.5,146.5,40.9,42
2013/5/20,114,77.1,97.5,73.3,64,74.1,378.5,147,41.9,42.85
2013/5/17,113.5,77.6,97.5,73.6,64.6,74.8,379,147,40.6,42.75
2013/5/16,113.5,78.7,97.5,74.6,64.9,75.8,374,148.5,41.3,43.15
2013/5/15,115,78.2,97.2,73.9,62.7,74.3,367.5,146,40.9,42.15
2013/5/14,115.5,79.2,96,73.1,62.7,73.4,367,145,39.85,41.25
2013/5/13,114.5,79.6,95.9,73,60.9,73.4,369,146,40.1,41.1
2013/5/10,114.5,80.5,96,74,62.1,73.7,369,145,40.1,41.4
2013/5/9,115,81.6,96,73.5,63.2,73.5,375,147,39.75,41
2013/5/8,114.5,79.8,95.7,73.3,64,73,376,149,39.75,40.85
2013/5/7,112.5,77.5,95.1,71.8,61.5,71.4,371,144,39.5,40.4
2013/5/6,111.5,77.9,95.1,71.6,59.5,70,372.5,145.5,39.65,40.9
2013/5/3,110,77.5,95.2,70.8,59.7,68.7,366.5,146,40.55,42.35
2013/5/2,110.5,76.4,95,71.8,59.6,68.9,366,147.5,40.4,42.1
2013/4/30,109.5,76.2,93.8,71.6,58.8,69.1,360,141.5,39.7,42.15
2013/4/29,108,75.5,94.5,71,59.8,69.2,361.5,141.5,38.9,41.9
2013/4/26,108.5,76.2,94.1,72.2,59.6,69.5,355,142,38.6,42.3
2013/4/25,107,77.4,93.8,72.2,59.4,69.8,362,139,38.55,42
2013/4/24,106,78.1,93.8,72.3,58.4,69.6,365,135.5,38.75,42.2
2013/4/23,106,76.2,93.9,69,55.7,68,365,135,38.55,41.75
2013/4/22,108.5,76.9,93.8,69,54.8,67.8,363,135.5,38.85,41.8
2013/4/19,106.5,77.6,93.6,68.4,53.6,67.4,358,135,38.5,41.2
2013/4/18,99.9,76.7,93.2,67.8,53.1,66.8,346,135,37.25,40.4
2013/4/17,100,77.7,93.6,68,54.1,67.2,347,135,37.5,40.5
2013/4/16,100.5,77,93.6,69,54.1,67.1,340.5,135,38.15,40.4
2013/4/15,99.4,77.1,93.3,70,53.7,67.4,337.5,135,38.05,40.45
2013/4/12,100.5,78.6,93.2,70,52.8,68,345.5,131.5,38.6,41.1
2013/4/11,101.5,80.5,92.9,70,52.4,67.5,351,130.5,38.9,41
2013/4/10,98.3,80.6,92.3,68.5,51,66.9,352.5,129,39.1,40.9
2013/4/9,97.5,80.5,92.3,69.9,51.5,67.1,349.5,128.5,38.8,40
2013/4/8,98.5,80.8,92.3,70,51.6,67.1,350,128,38.95,39.9
2013/4/3,100.5,83.1,93.1,71.1,52.8,68.8,356,130.5,40.15,40.9
2013/4/2,100.5,83.1,93.1,71.5,53.7,70.4,348,130.5,39.8,40.85
2013/4/1,101,82.8,93,71.2,52.9,69.5,341,130,40.15,41.95
2013/3/29,100.5,83.3,92.8,71.9,53.6,68.8,342,127.5,40.95,42.8
2013/3/28,100,82.7,92.2,70.6,52.6,66.9,340,125,41.05,42.75
2013/3/27,100.5,83.5,92.1,70.8,52.7,68.6,342.5,122.5,41.6,43
2013/3/26,99,83.5,92.2,70.7,51.5,69.6,340,121.5,41.1,41.85
2013/3/25,99.5,82.4,92.1,71.9,52,70.8,338.5,121.5,41.1,42.15
2013/3/22,98,82.9,92,71.5,51.7,70.3,333,121,40.35,41.75
2013/3/21,98.7,82.1,92,71.3,52.3,70.5,332,119,40.5,42.2
2013/3/20,98.8,82.1,92,71.5,52.2,70.5,339,118.5,41.05,41.85
2013/3/19,100,83.2,92.3,72.5,52.6,72,340,121,40,41.7
2013/3/18,100.5,81.5,92.3,72.7,53,72.4,338.5,119,38.85,41.4
2013/3/15,103,80.7,93,74.5,52.5,73.9,341.5,120.5,39.9,42.85
2013/3/14,104,80.5,92.4,72.2,54.6,73.2,343,124,40.65,42.85
2013/3/13,104.5,80,92.7,73.5,56.1,74,352.5,119,40.95,42.35
2013/3/12,102.5,80.5,92.6,75.5,58.1,75.5,355,111.5,40.55,42.1
2013/3/11,102,80.5,92,75.6,57.7,75.8,350,112,41.95,44
2013/3/8,103.5,80.5,92.3,75.6,56.3,75.6,348,112,41.85,43
2013/3/7,103,80.4,92,75.5,55.9,75,346,112,40.95,41
2013/3/6,104,80.5,91.8,74.7,56,74.8,346,114,39,40.4
2013/3/5,104,80,91.7,74.3,54.7,73.8,347.5,112,39.2,40.35
2013/3/4,102,80.5,91.7,74.6,55.3,73.3,341.5,112,37.8,39.65
2013/3/1,105,81.6,92.4,76.8,57.5,76.1,338.5,111.5,38.05,40.4
2013/2/27,104.5,81.7,92.2,75,56.9,75.6,333.5,110.5,37.6,40
2013/2/26,103.5,81.7,92.6,76.5,58.4,77.2,330,111.5,37.35,39.25
2013/2/25,105,82.8,93,77.3,58.5,77.5,336.5,111.5,38.05,39.6
2013/2/23,107,83.1,93,78.1,59.2,77.6,326.5,114,37.6,39.95
2013/2/22,105.5,83.2,93,77.6,59.4,77.6,327,113,37.4,39.3
2013/2/21,107,83.2,92.9,78.2,59.9,77.4,326,114,36.45,39
2013/2/20,109,84.8,92.5,78.6,60,77.8,326,112.5,37.1,40
2013/2/19,107,84.1,92.3,78.9,58.4,77.1,324,110,37.2,39.7
2013/2/18,107,82.8,92.5,79,58,77.2,325,110,37.1,39.95
2013/2/6,105,83.6,93.9,80,58.8,79,325,108,35.3,39.8
2013/2/5,103,83.1,93.9,80.9,59.3,79,326,105,33.8,39.6
2013/2/4,103,84,93.9,81,60,80.4,325,106,33.85,39.3
2013/2/1,101.5,84.6,93.8,80.1,59.6,80,324.5,106,32.95,37.95
2013/1/31,101.5,84.4,94,80.2,60,80.2,323,107,32.9,37.75
2013/1/30,101.5,84.9,93.8,80,59.4,79.7,325,106.5,32.5,37.2
2013/1/29,101,84.9,94.5,79,58.6,78.4,325,106.5,32.5,36.85
2013/1/28,99.3,83.6,94.5,78.5,58,77.8,325,106,32.5,36.8
2013/1/25,99,83.4,94.4,78.8,58.1,77.4,322,106,32,36.4
2013/1/24,99.9,82.5,94.5,78.8,58.9,77.9,319,105.5,32,36.5
2013/1/23,101,85,95,79.8,59.3,79,317.5,106.5,32.05,36.8
2013/1/22,101,85.4,94.9,80,59,80,318.5,107,32.25,36.95
2013/1/21,100.5,84.6,94.6,79.9,58.8,80,316.5,105,32,36.4
2013/1/18,101.5,85.4,94.7,80.2,59.4,79,309,107,31.9,36.3
2013/1/17,99.3,83.9,93.9,78.8,58.8,78,307,106.5,31.4,35.2
2013/1/16,99.2,84,93.8,79.3,58.5,77.8,309.5,106,31.8,35.5
2013/1/15,100.5,84.2,94.7,80.2,59.4,78.1,311.5,105,31.85,35.8
2013/1/14,102,87.2,94.4,79.8,59.4,77.5,312,102,31.95,36.8
2013/1/11,101,88.6,94.2,81,59.3,78.6,312.5,103.5,31.85,36.7
2013/1/10,101,88.6,94.5,81.9,58.9,77.8,314,104,31.95,37.2
2013/1/9,100,87.8,94.1,80,57.7,77.6,312,104,31.3,36
2013/1/8,99.7,87,94.2,80.1,58.5,78.4,302.5,104,31.4,35.1
2013/1/7,100.5,86.8,93.9,80,58.9,78.5,301.5,104.5,31.6,35.35
2013/1/4,101.5,88,93.9,80.3,60,78.6,305.5,105.5,31.5,35
2013/1/3,101,89.1,93,79.8,59,77.8,326,106.5,31.8,35.3
2013/1/2,99.6,88.7,94,79,56.6,75.4,325,107.5,31.7,35.1
2012/12/28,97,88.9,94.5,78.6,56,75,323.5,106.5,31.5,35.1
2012/12/27,95.6,89,93.5,77.9,55.9,73.4,324,105,31.25,34.25
2012/12/26,96,88.5,92.5,77.6,55.9,71.1,321.5,105,31.35,34.15
2012/12/25,96.5,88.8,93.7,77.5,55.8,70.5,322,105,31.45,34.1
2012/12/24,95.2,87.8,92.8,75.7,54.7,69.3,317.5,104,30.8,33.7
2012/12/22,95.7,88.1,93,75.6,54.5,68.5,317.5,104.5,30.9,33.65
2012/12/21,94.8,87,93.3,76.5,54.6,70,321,106,31,33.55
2012/12/20,96,88.1,93.6,77.3,54.4,70,323,103.5,31.15,33.85
2012/12/19,97.3,88.6,93.7,78.3,56,70.8,327,107,32.05,34.5
2012/12/18,96.7,88.4,93.7,77.5,56,70.6,335.5,107,31.1,33.8
2012/12/17,97,87.2,93.7,77.8,55.9,70.8,338,107,30.8,33.7
2012/12/14,98.4,91.5,93.7,78.5,55.4,70.5,339.5,106,31.2,33.75
2012/12/13,99.2,96,94.4,78.8,56.3,70.5,339.5,108,31.55,33.95
2012/12/12,98.4,95.6,94.8,78,53.7,69.6,340.5,107,31.4,33.7
2012/12/11,98.3,95,95,77,52.3,69.1,322,107,30.95,33.1
2012/12/10,96.5,96.1,94.5,77,52.2,69.5,318,106,31.2,33.1
2012/12/7,98.1,95.5,94.2,76.1,51.9,68.8,323.5,107.5,31.35,33.4
2012/12/6,96.6,94.5,94,75.5,51.4,68.5,323.5,107,31.4,33.4
2012/12/5,96.9,95,94,75.2,51,68.5,330,108,31.4,33.3
2012/12/4,96.6,95.3,93.7,74.6,51,67.6,332,107.5,31,33.15
2012/12/3,97.9,94.7,93.9,76.3,51.6,68.1,335,106.5,30.75,33.05
2012/11/30,98.7,93.2,93.9,76.5,51.4,68.8,330.5,104,30.95,33
2012/11/29,96.5,93,93.8,76,51.3,69,327.5,107,30.55,32.35
2012/11/28,95.9,93.3,93.5,73.3,51,67.8,324,104,30.55,32.3
2012/11/27,96.3,92.8,93.5,73.5,51,68,324.5,107.5,30.45,32.3
2012/11/26,95.3,92.8,93,73,50,67.5,325,106.5,30.5,32.35
2012/11/23,95.5,92,92.9,72.4,49.15,65.3,320,105.5,29.9,31.9
2012/11/22,91.3,89,92.7,70.5,46.2,61.6,313,104,29.15,30.85
2012/11/21,90.5,89.1,92.6,71.6,46.3,62.6,310.5,102,28.7,30.65
2012/11/20,90.4,89.9,92.7,72.9,47.8,63.6,308,101.5,28.95,31.15
2012/11/19,90,89.2,92.6,71,48.2,63.7,312,100,28.9,30.95
2012/11/16,90.2,89.7,92.6,68.6,47.3,61.2,315,101,28.75,30.6
2012/11/15,90.2,90.1,92.6,67.7,46.9,59.6,318,105,28.8,30.6
2012/11/14,90.5,89.8,92.2,70,48.4,60.3,318,105,29.15,31.2
2012/11/13,90.3,87.7,92.1,72.3,49.1,61.5,320,104.5,29.05,30.9
2012/11/12,91.3,90,92.2,75.2,51.1,64.7,322,107,29.55,31.85
2012/11/9,90.8,91.4,92.5,75.9,51.3,65.3,325,107,29.85,31.85
2012/11/8,90.5,90.9,93,76.9,51.7,65.8,317,107.5,29.8,31.5
2012/11/7,91,90.3,92.5,77.3,52.4,67.2,315,108,30.25,31.95
2012/11/6,90.4,89.8,93.3,77,52.2,68,310,106.5,29.6,31.4
2012/11/5,90.3,87.5,92.4,76,52,68.2,318,103.5,29.35,30.7
2012/11/2,89.9,88.6,91.7,76.9,52.8,68,325,104.5,29.9,30.85
2012/11/1,89.2,89.8,91.4,77.2,51.3,68.2,326.5,100.5,29.35,30.1
2012/10/31,88.7,88.7,91.6,79.6,51.5,69.2,324.5,99.8,29.35,30
2012/10/30,88,88,91.8,78.9,50.7,70,325,103,29.8,30.3
2012/10/29,88.1,84,91,78.3,50.4,69.3,329.5,100.5,29.3,30
2012/10/26,87.3,84.3,91.5,78.2,50.9,71.1,318.5,100,29.45,30
2012/10/25,84.8,85.2,92,78.5,53,72.7,321,100,30.35,31.2
2012/10/24,85.4,85,92.2,78.1,53.1,73,326.5,99.5,30.75,31.55
2012/10/23,85.7,84.7,92.2,78.4,53.8,73.5,322.5,101.5,30.55,31.35
2012/10/22,86,85.1,92.1,77.6,54.8,73.6,326,101,30.85,31.75
2012/10/19,86.7,85.8,92,79.3,55.7,74.2,323.5,101,31.2,32
2012/10/18,88.1,87.5,92.4,80.1,56.2,75.4,320,102.5,31.7,32.3
2012/10/17,87.4,87.4,91.8,80,56.1,74,317,105.5,31.7,32.05
2012/10/16,87.5,87.6,92.3,80,55.6,74.2,317.5,105,31.85,32.15
2012/10/15,86.4,87.5,92.1,80.1,55.5,75.3,315,101,31.6,32
2012/10/12,86.3,86.8,92.8,80,55.6,75,320,100.5,31.75,32.1
2012/10/11,85.5,86,93.4,79.6,55,75.6,325.5,100.5,32.05,32.2
2012/10/9,87.1,89.3,93.6,81,56.8,76.7,324,108,32.5,32.5
2012/10/8,89.1,88.7,92.7,81,56.8,76,327,112.5,32.35,32.15
2012/10/5,91,90.4,93,81.2,57.8,77.6,325,112,32.8,32.35
2012/10/4,90.6,91.1,93,80.9,57.9,78.6,318.5,112.5,32.3,32
2012/10/3,89.8,91.4,92.8,82.7,57.9,78.4,321.5,112,31.5,31.5
2012/10/2,89.6,91.7,93.5,83.9,58.2,78.4,322,112.5,31.8,31.7
2012/10/1,88.9,91.3,93.3,83.5,57.5,78.8,312.5,112,31.5,31.7
2012/9/28,89.8,92,93.9,83.8,58.8,78.8,309.5,113.5,31.5,31.9
2012/9/27,87.6,90.2,93.7,83.8,57.9,77.3,325,111,31.7,31.8
2012/9/26,86.4,90.2,93.2,84,58.3,77.6,322,114,31.8,31.6
2012/9/25,85.9,93.5,93.2,84,58.7,78.5,326,110.5,32.2,31.85
2012/9/24,86.1,95.8,92.9,84,58.8,78.5,330,112,32.45,32
2012/9/21,85.7,96.8,93,83.7,58.7,79,321.5,113,31.95,31.8
2012/9/20,85.3,96,92.5,83.7,58.5,79,325,113,32.25,31.75
2012/9/19,86,96.9,93.2,85.4,58.9,79.9,326.5,114.5,32.6,32.15
2012/9/18,85.7,96.1,92.5,84.8,57.9,78.8,331,112.5,31.9,31.85
2012/9/17,86.5,97.5,92.5,85.1,58,79,331.5,113.5,32,31.9
2012/9/14,86.5,97,92,85,57.5,78.9,339,114,30.85,31.5
2012/9/13,85,93,90.9,82.6,56.3,77.5,334.5,112.5,28.9,30.45
2012/9/12,84.5,93,90.9,82.4,56.4,77.3,336.5,112.5,29.05,30.55
2012/9/11,84.4,90.4,90.6,82,54.9,76,339,112.5,28.7,30.15
2012/9/10,83.5,88.8,90.6,82.7,55.3,76.3,337,112,28.8,29.9
2012/9/7,83.8,89,90.5,81.5,54,75.7,322,111.5,28.65,29.8
2012/9/6,81.1,88.4,90.4,80.3,53.4,75,314,107,28.25,29.25
2012/9/5,82,88.8,90,80.2,54.3,75.5,321,103,28.2,29.2
2012/9/4,84,89.9,90,80.9,55.8,77.4,325,105,28.65,29.55
2012/9/3,83.9,90,90.1,80.6,55.7,77.2,320,103,28.7,29.8
2012/8/31,83.3,84.8,90.5,80.7,56.3,77.3,320,102,28.6,29.75
2012/8/30,82.7,85.5,90.5,80.5,56.2,76.8,316.5,102,28.55,29.45
2012/8/29,82.7,84,90.2,81,56.9,77.8,320,104.5,28.95,29.8
2012/8/28,82.4,84.2,90,80.9,57.2,78,315,101.5,29.05,29.8
2012/8/27,83,87.5,90.1,81.6,57.4,79.5,319,102.5,29.6,30.2
2012/8/24,82,86.9,90.1,82.2,57.7,80.5,318,100.5,29.65,30.25
2012/8/23,82.7,87.1,90.6,83.2,58.4,81.6,312,102,29.85,30.65
2012/8/22,82.4,86.1,90.5,83.7,58.4,81.6,302.5,104,29.75,30.65
2012/8/21,83.6,85.9,90.3,84.1,59,82,300,103.5,29.7,30.6
2012/8/20,82.4,84.8,89.7,82.5,57.8,81,298,104,29.25,30.1
2012/8/17,82,84.5,90,82.7,58.5,81.5,294.5,101.5,29.55,30.35
2012/8/16,82.9,84.1,90.4,83.5,59.5,81.9,292,103,29.95,30.45
2012/8/15,83,84.5,90.6,84.6,60.4,82.5,284.5,104.5,29.6,30.55
2012/8/14,83.2,85,90.2,84.3,60.8,82.8,291,103.5,29.6,30.8
2012/8/13,82.7,84.9,90,83.9,60.5,81.7,293.5,103.5,29.45,30.6
2012/8/10,82,84.4,89.9,84,61.1,81.4,284,105,29.55,30.6
2012/8/9,82.3,91,89.8,84.5,60.9,80.5,282,100.5,29.6,30.8
2012/8/8,80.5,87.3,88.6,84.9,59.5,81.1,282,99,29,32
2012/8/7,81.4,87.3,89,84.9,59,80.6,281,97.8,30,31.85
2012/8/6,80.9,87.3,89.5,85,58.5,81,275,97,29.55,31.7
2012/8/3,79.8,81.6,89.5,82.4,57,79.9,279,99,29.3,31.25
2012/8/1,80,84.8,88.9,83,57.7,80,272.5,100,29.65,31.6
2012/7/31,81,84.6,90,83,58.5,79.4,255,101.5,29.7,31.5
2012/7/30,79,82.8,88.4,81.4,56.2,78.4,247,98.6,29.1,31.15
2012/7/27,79.3,83.5,88.1,80.9,55.1,77.4,240,98.6,29.3,31.2
2012/7/26,76.3,80.5,88.3,78,53.7,75.2,236.5,95.2,28.8,30.6
2012/7/25,74.6,81.9,89.1,79,54.7,76.8,241,97.4,28.55,30.5
2012/7/24,74.8,85.6,88.8,78.8,54.9,75.7,243.5,97.4,28.85,30.45
2012/7/23,74.3,86.6,89.3,78.8,54,75.8,243.5,98,28.8,30.35
2012/7/20,76.7,89.6,89.6,80.4,55.4,77.8,250,98.1,29.15,31
2012/7/19,77.5,88.3,89.6,79.6,54.9,77.2,248,92.2,28.95,30.85
2012/7/18,74.8,87,89.4,78.5,53.4,76.1,246,92.3,28.7,30.5
2012/7/17,74.8,88.5,89.5,80,55.9,77.6,250.5,93,29.2,30.85
2012/7/16,75.5,87.5,93.8,77.2,53.4,75.3,243.5,92.9,28.9,30.55
2012/7/13,75.8,87,93.8,75,51.5,73.8,248,93.7,28.65,30.45
2012/7/12,75.7,87.1,93.6,75.2,51.5,73.8,256,93.1,28.6,30.25
2012/7/11,78.1,89.9,95.4,77,53,75,264.5,95.5,29.15,30.85
2012/7/10,79.1,90.1,95.6,77.9,54.6,74.6,265,94.6,29,30.5
2012/7/9,80,91.9,95.4,77.2,56.1,75,275,94,29.15,30.7
2012/7/6,80.9,91.4,95.2,80.4,56.4,75.8,273,94.1,29.4,30.8
2012/7/5,81,91.4,95.1,80.4,55.5,75.3,274,93,29.45,30.75
2012/7/4,81.2,92,95,81.1,55.8,76.2,274.5,90.2,29.55,31
2012/7/3,84.2,90.5,94.7,80.5,55.5,79.1,273.5,89.7,29.4,30.75
2012/7/2,83.3,89,93.9,80.2,53.4,78.9,269,89.7,29.95,30.35
2012/6/29,81.3,89.4,94,79.8,53.4,78.4,273,90.9,29.25,29.8
2012/6/28,79.9,87.9,92.8,77.5,52.5,76.7,272,89,28.65,29.05
2012/6/27,79.3,86.5,93,76.8,52.9,76.2,272,89.4,28.75,29.35
2012/6/26,78.7,86,92,76,52.9,75.5,274.5,86.5,28.7,29
2012/6/25,79.6,86.5,91.2,75.6,52.8,75.3,280.5,86,28.85,29.1
2012/6/22,80.1,86.6,91.3,77.3,55,77.1,274,86.2,29,29.3
2012/6/21,80.6,86.1,91.7,79.8,56.1,79.6,271,88.7,29.4,29.55
2012/6/20,81.6,87,91.5,80.1,57.3,80.2,276,88,29.75,30
2012/6/19,80.5,86.3,90.9,79.4,56.5,79.2,274.5,88.8,29.3,29.7
2012/6/18,80.8,86.5,90.7,77.8,56.3,78.6,276.5,90,29.8,29.9
2012/6/15,78.1,84.5,90.1,78.8,57.6,78.7,265,89.4,29.4,28.9
2012/6/14,79.2,82.1,90.3,73.7,55.3,73.6,261,88,28.95,28.8
2012/6/13,80,82,90.4,75,53.9,74.2,258,89.5,28.85,28.7
2012/6/12,79.4,82.5,90.5,75.3,53.3,74.6,255,85.5,28.75,28.85
2012/6/11,80.4,83.8,91,75.5,53.2,75.5,258,85.5,29.2,29.2
2012/6/8,77.9,81.7,90.2,74.3,51.4,73.8,254,82.5,28.6,28.6
2012/6/7,79.8,83.9,90.8,76.5,53.3,75.3,260.5,84.5,28.85,28.8
2012/6/6,77.8,82.8,90.7,76.9,52.6,75.6,257.5,80.4,28.5,28.25
2012/6/5,78.2,82.2,90,76.4,52.2,75.5,254,79,28.4,28.25
2012/6/4,76.5,82,89.7,77,51.6,76.5,245,76.8,28,27.75
2012/6/1,79.9,85.3,90,77.1,51.5,77,257.5,82.5,28.7,28.6
2012/5/31,85.1,87.5,90.2,78.1,52.4,79,264,83.2,29.25,29.65
2012/5/30,81.7,88.9,90,78.3,53.1,77.8,267,83.6,29.15,28.85
2012/5/29,82.3,89.5,90.9,81,55.8,80.2,272.5,85.5,30,29.4
2012/5/28,81.6,85.4,90.9,79.2,55.5,79.7,259,82.5,29,28.65
2012/5/25,80,84.1,91.2,78.6,54.9,78.9,254.5,82.7,28.7,28.45
2012/5/24,80.6,85.3,91.4,78.9,55.6,78.6,256.5,83.3,28.65,28.45
2012/5/23,79.1,87,91.3,79,56.5,78.3,253,88,28.5,28.8
2012/5/22,82.2,87.2,91.4,79.2,57.9,79.2,262.5,91,29.2,29.2
2012/5/21,82.5,83.2,90.8,78.6,57.2,78.3,262,90.1,29,29.1
2012/5/18,81.8,83.2,90.3,77.6,57.2,78,262,88.2,28.75,29.05
2012/5/17,85.1,85.7,91,78.4,57.4,79.9,272.5,90,29.15,29.85
2012/5/16,83.4,82.8,90.3,77,56.5,79.7,262,90.6,28.85,29.1
2012/5/15,85.5,85.4,91.4,78,56.6,79,269,95.2,29.6,29.45
2012/5/14,85.4,86.9,90,78,56.7,78.7,264,94.9,29.85,29.9
2012/5/11,85.5,86.4,90,78.3,57.9,79,263,93.9,29.9,29.9
2012/5/10,85.3,87.7,89.4,79.5,59.2,80,264,93,30.2,30.2
2012/5/9,84.6,87.3,90.2,79.4,59.2,81.2,265,93.5,30.4,29.9
2012/5/8,84.4,88.5,91.1,80,60.4,82.6,265,94.5,31.1,30.2
2012/5/7,85.6,88.5,90.5,80.4,59.5,82.1,273.5,93.6,30.8,30.4
2012/5/4,87.6,90,91.5,83.3,60.8,84.7,271,95.5,31.65,30.95
2012/5/3,88.9,90,91.1,83.5,60.2,83.8,265.5,96,31.8,30.7
2012/5/2,88.4,89.6,90.8,83,60.7,84.9,267,92.8,31.7,31.3
2012/4/30,86.8,92.4,91.4,83,60.2,84.7,253,86.8,30.9,30.45
2012/4/27,86,99.3,91.3,84.4,60.7,84.7,240.5,85.1,30.95,30.75
2012/4/26,84,104,90.6,83.9,60.1,84.2,257,89,30.8,30.75
2012/4/25,84.2,106,90.5,83.4,60.1,84,263,92,31.15,31.15
2012/4/24,84.6,103.5,89.7,81.9,60.5,83.6,258,91,30.7,30.55
2012/4/23,84.3,99.9,88.3,84,60.4,84.5,260.5,89.5,30.75,30.8
2012/4/20,84.3,103,87.6,84.2,59.8,83.9,260,90.3,30.95,30.75
2012/4/19,85.8,105.5,88.3,85,60.7,84.7,276.5,90,31.2,31
2012/4/18,85,108,89.5,84.4,60.3,83.7,277.5,87,31,31.4
2012/4/17,83.8,110,90,83.4,59.8,82.6,274,86.4,31.1,31.65
2012/4/16,84.9,114.5,90.3,84.5,60.3,83.1,282,89.1,31.55,32.05
2012/4/13,84.9,114.5,90.6,86.4,61.3,84.3,279.5,89,31.95,32.4
2012/4/12,82.6,114,90.4,85.5,60.4,83.5,278,84.3,31.35,32.15
2012/4/11,82.4,113.5,90.4,85,60.7,84.5,277,83.7,31.15,32
2012/4/10,82,110,90.5,85.5,61.6,85,275.5,83.9,31.5,32.15
2012/4/9,83,109.5,90.8,85,61.1,85,273,83.3,31.3,32
2012/4/6,83.8,111,90.7,84.4,61.4,85.3,279,84.6,32,32
2012/4/5,83.1,111,90.5,84.8,62,85.2,274.5,86.5,32,32
2012/4/3,85,110,90.8,86.7,65.6,85.6,277,84,32.65,32.75
2012/4/2,85.1,111,90.9,85.2,65.3,85.3,276.5,84.4,33.1,32.9
2012/3/30,84.9,114.5,90.9,86.9,66.7,86.2,282.5,86.5,33.6,33.25
2012/3/29,84.1,116,90.8,86.1,66.3,84.4,274,87,33.3,33.1
2012/3/28,85.5,113,91.4,85.6,66.6,84.2,286.5,89,33.85,33.7
2012/3/27,85.8,108,91.1,85.1,66.7,84.2,295,89.5,34,34
2012/3/26,83.6,106,90.5,84.7,65,82.5,296,87,33.6,33.7
2012/3/23,85.4,106,91.3,87.7,67.2,85,296,90,34.6,34.5
2012/3/22,85.2,105,91.2,89.1,67.2,85,300,90.6,34.3,34.35
2012/3/21,84.9,102.5,90.2,87.1,65.5,84.6,302.5,91.2,33.8,34.05
2012/3/20,83.2,102,90.2,88.9,66.7,85.5,304,87.5,34.2,34.1
2012/3/19,83.7,104,90.9,89.5,67.8,87.5,307,88.3,35.2,34.6
2012/3/16,81.1,104.5,90.5,90,69.1,90.2,309,87.1,34.55,34.35
2012/3/15,83.2,104,91,91.5,71,91.3,313.5,86.5,34.35,34.6
2012/3/14,83.2,103.5,91.8,91.9,71.8,91.5,306,86.8,34.25,34.55
2012/3/13,81.3,102.5,91.4,90.9,70.6,90.4,303.5,85,34.9,34.75
2012/3/12,80,100.5,91,90,68.5,90.2,303,84.3,32.65,33
2012/3/9,80,101.5,91.3,90.3,69.6,91.3,310,84.3,33,33.1
2012/3/8,79.7,101,91.6,90,69.8,91.3,312,80.5,33.05,33.05
2012/3/7,79.1,98.8,92,90.5,69,91.8,317.5,80.2,32.6,32.6
2012/3/6,79.5,99.8,92.5,92,70,92.5,314,78.6,32.95,33.15
2012/3/5,78.9,100.5,92.1,91.1,70.4,91.1,308,79.1,33.1,33.3
2012/3/3,79.3,101,92.7,91,71.3,90.9,313,79.5,33.9,33.85
2012/3/2,80,102.5,92.2,91,71.9,91.1,315,79,34.1,34.05
2012/3/1,80.1,102.5,91.8,90.5,71.6,90.8,303.5,79.1,34.1,34.35
2012/2/29,81.1,102.5,90.4,92,72.2,92,301,80.8,34.6,34.6
2012/2/24,79.1,99,90.1,91.3,71.8,91.5,302,80.4,34,33.9
2012/2/23,78.1,97.1,91.5,91,71.7,91.5,304,80.8,33.95,33.6
2012/2/22,79.7,97.6,92.8,91,72,91.8,313,79.5,34.4,34
2012/2/21,80,96.8,94.6,91.3,70.9,91.1,306,78.7,34.3,33.95
2012/2/20,80,99.7,94.6,92,71.3,90.8,308,78.8,34.5,34.2
2012/2/17,80,101.5,94.6,89.6,68.5,89,303,79.1,34.6,34.1
2012/2/16,78.5,102,94.5,87.6,67.6,88.2,303,77.9,34.7,33.9
2012/2/15,78.5,103.5,93.9,88.6,67.4,88.1,317.5,78.1,35.4,35.1
2012/2/14,77.3,101,93.9,88,66.5,87,316,78.6,34.95,34.75
2012/2/13,76.6,102.5,93.6,87.1,64.4,86.4,311.5,78.9,35.15,35.3
2012/2/10,76.9,102,94.6,86.3,63.6,86.5,291.5,79.9,35.95,35.4
2012/2/9,78,103.5,95.3,87,64.1,87,292.5,84,35.8,35.4
2012/2/8,77.5,101.5,95.8,87,64.2,87.5,291,82.2,35.15,35.3
2012/2/7,77.4,97.3,95.3,86,63.7,87.3,285,79.6,34.2,34.45
2012/2/6,77.4,94,95.7,87.2,63.1,88.2,285,80,34.3,34.25
2012/2/4,76.5,95.5,95.7,87.5,62.8,86.6,292,79,34.95,35.35
2012/2/3,76.2,97.6,95.5,85.3,63,84.6,292.5,79.8,33.9,34.25
2012/2/2,76.8,96.7,96.1,85.6,63,84.1,286.5,81,34.2,34.2
2012/2/1,77,95.2,96.5,84.3,62.2,84.6,288,76.5,33.7,33.7
2012/1/31,78.5,95.3,96.2,86.2,62.5,85,282.5,76.5,33.75,33
2012/1/30,78.7,93.8,94.9,86.1,62.5,83,279.5,77.9,32.6,31.75
2012/1/18,76.7,87.7,95.9,84.7,63.1,82,263,79.9,32.15,30.95
2012/1/17,75.6,87,97,84.2,63.1,82,263,78.3,32.9,31.55
2012/1/16,75.3,83.5,98.9,84.1,63,82.3,260,77.7,32.3,31.4
2012/1/13,77.5,85.2,99,84,63,82.6,272,77.9,32.5,31.95
2012/1/12,77,86.6,99,83.3,63,82.5,272,76.7,32.1,32
2012/1/11,76.5,86.2,99,82.1,63,81.7,274.5,75.6,32.2,32.2
2012/1/10,76.5,86.4,98.5,82.9,63.2,82.1,270,75.6,32.25,32.2
2012/1/9,75.6,84.3,99,82.1,62,82.1,267,74.2,31.7,32
2012/1/6,75.6,83.9,99.9,81.9,61.6,82.3,278.5,74,32.3,32.3
2012/1/5,76,83.2,100,80.2,61.7,80.8,282,72.9,32.9,32.8
2012/1/4,75.8,83.2,100,79.4,61.5,80.4,280.5,72.2,32.55,32.45
2012/1/3,75.7,82.7,100,79.4,61.4,79.3,280,72.2,32.65,32.2
2012/1/2,75,81.4,99.7,79.2,60,78.6,273,71.5,31.7,31.1
2011/12/30,75.8,82.9,100,80.8,60.1,79.9,277.5,72,32.7,32.05
2011/12/29,75.8,82.9,100.5,80.8,59.7,79.7,277.5,71.9,32.75,32.05
2011/12/28,75.7,82.5,100,82.8,60.4,80.8,275.5,69.7,32.85,31.9
2011/12/27,75.5,82.2,100.5,85.2,60.4,83.2,279,71.4,33.05,31.9
2011/12/26,75,82.5,99.7,85,59.8,82.7,281,71.6,33.3,32.45
2011/12/23,75.4,82.9,100.5,85.1,58.8,82.7,281.5,70.7,33.3,32.45
2011/12/22,75,82,101,84.4,57.4,81.9,268,68.7,31.15,30.6
2011/12/21,76,82.5,101.5,83.9,57.1,81.9,268.5,68.3,29.95,29.95
2011/12/20,72.8,78,101,81.8,54.3,79.6,251,64.3,28,28
2011/12/19,72.5,77.8,100.5,83.4,54.9,80.5,243.5,63.5,28.3,28.1
2011/12/16,72.7,80,100.5,82.9,55.5,80.5,255,64.4,29.8,29.5
2011/12/15,72.5,78.8,100,82.6,56.5,80.5,256.5,64,29.8,29.9
2011/12/14,74.5,81.9,101,85.2,58.7,81,267.5,65.1,30.6,30.4
2011/12/13,75.2,81.5,101,84.9,58.9,80.1,269,64.2,30.6,30.3
2011/12/12,75,81.9,101.5,85.6,58.8,81.5,261,65,31.2,30.9
2011/12/9,74.1,79.7,101,85,57.1,81,260,64.3,31.25,30.95
2011/12/8,76.3,81.6,101.5,85,59.2,81.2,257,65,31.3,31.4
2011/12/7,76.4,81.3,101.5,85,59,81,263.5,65.1,31.85,31.9
2011/12/6,75.4,80,100,82.2,56,77.6,262,64.4,31.3,31.5
2011/12/5,76.3,82.2,100.5,84.4,57.4,81.1,280.5,64.2,31.9,32.1
2011/12/2,76,81.8,101,82.4,56.1,81.2,289,63.9,32.1,32.5
2011/12/1,76.6,82.8,101.5,82.2,57.8,81.2,287.5,66.4,32.6,32.5
2011/11/30,74.6,79.7,99.6,79.4,55.2,77.4,279.5,65,30.5,30.4
2011/11/29,73.6,79.3,99.6,81.5,56.3,77.7,282.5,68,31.5,31.45
2011/11/28,73.6,77.9,100,80.6,55.8,77.3,281,67.6,31.4,31
2011/11/25,71.6,75.7,99.5,78.3,55.7,76.2,273.5,67,30.6,30.45
2011/11/24,72.8,76,100.5,79.8,58.4,78.5,273.5,65.8,31.15,31.15
2011/11/23,73.4,75.2,100,78.7,56.1,77.3,284,64.2,29.8,30.3
2011/11/22,74,77.6,100.5,79.1,59.3,78.6,289,66.9,30.7,30.8
2011/11/21,73.3,78.2,100,78.2,59.5,78,301,70,30.5,30.85
2011/11/18,74.2,80.1,102,80.3,61.1,80,308,70.6,31.4,31.15
2011/11/17,75.7,81.9,103.5,85.2,65.1,85.2,308.5,70.6,31.9,30.85
2011/11/16,75.4,82,102,87.5,65.8,86.4,306,70.5,32.4,31
2011/11/15,76,82.5,101.5,89.8,66.8,88,315,72.2,33.3,31.95
2011/11/14,75.9,83.8,101,89.9,66.7,87.9,321,72.7,33.45,32.45
2011/11/11,73.4,82.3,100.5,86.4,66.7,85.9,312.5,71.4,32.8,32.3
2011/11/10,72.6,79.1,100.5,86.9,66.6,86.3,309.5,70.7,32.25,31.65
2011/11/9,74.1,82.6,100.5,88,66.7,88,318,72.4,34.05,33.55
2011/11/8,74.5,84.2,100.5,87.4,66.6,87.3,317,74,34.05,33.7
2011/11/7,75,84.1,99.9,88.7,66,87,317.5,73.3,33.9,33.7
2011/11/4,74.6,84.6,99.8,88.1,66,86.3,321,71.4,33.9,34.05
2011/11/3,73.5,83.8,100,86.6,65.2,85,311,71.4,33.25,32.85
2011/11/2,73.9,86.9,100.5,88.9,65.9,86.9,326,71.6,34.6,34.2
2011/11/1,73.8,86.9,100,89.1,67.1,86.9,319.5,71.1,35.4,35.2
2011/10/31,73.6,83.3,100.5,89,67.9,87.5,318,71.3,36.15,35.65
2011/10/28,73.1,81.7,99.6,89.3,68,87,324,74.1,36,35.55
2011/10/27,71.9,80.9,99.5,88.1,67.6,85.3,327,73.9,34.95,35.3
2011/10/26,71.9,80.4,100.5,88,68.1,85.8,338,74.7,34.8,35
