Date,Close
2016/12/30,"9,253.50"
2016/12/29,"9,153.09"
2016/12/28,"9,201.40"
2016/12/27,"9,109.27"
2016/12/26,"9,110.54"
2016/12/23,"9,078.64"
2016/12/22,"9,118.75"
2016/12/21,"9,204.26"
2016/12/20,"9,242.41"
2016/12/19,"9,239.32"
2016/12/16,"9,326.78"
2016/12/15,"9,360.35"
2016/12/14,"9,368.52"
2016/12/13,"9,382.14"
2016/12/12,"9,349.94"
2016/12/9,"9,392.68"
2016/12/8,"9,375.86"
2016/12/7,"9,263.89"
2016/12/6,"9,250.77"
2016/12/5,"9,160.66"
2016/12/2,"9,189.49"
2016/12/1,"9,263.53"
2016/11/30,"9,240.71"
2016/11/29,"9,192.38"
2016/11/28,"9,222.24"
2016/11/25,"9,159.07"
2016/11/24,"9,152.11"
2016/11/23,"9,178.23"
2016/11/22,"9,133.39"
2016/11/21,"9,041.11"
2016/11/18,"9,008.79"
2016/11/17,"8,995.26"
2016/11/16,"8,962.22"
2016/11/15,"8,931.03"
2016/11/14,"8,940.40"
2016/11/11,"8,957.76"
2016/11/10,"9,152.18"
2016/11/9,"8,943.20"
2016/11/8,"9,217.43"
2016/11/7,"9,189.84"
2016/11/4,"9,068.15"
2016/11/3,"9,067.27"
2016/11/2,"9,139.04"
2016/11/1,"9,272.70"
2016/10/31,"9,290.12"
2016/10/28,"9,306.92"
2016/10/27,"9,299.55"
2016/10/26,"9,362.25"
2016/10/25,"9,385.65"
2016/10/24,"9,322.50"
2016/10/21,"9,306.57"
2016/10/20,"9,317.24"
2016/10/19,"9,283.99"
2016/10/18,"9,222.58"
2016/10/17,"9,176.22"
2016/10/14,"9,165.17"
2016/10/13,"9,219.17"
2016/10/12,"9,252.60"
2016/10/11,"9,219.82"
2016/10/7,"9,265.81"
2016/10/6,"9,284.31"
2016/10/5,"9,272.28"
2016/10/4,"9,287.77"
2016/10/3,"9,234.20"
2016/9/30,"9,166.85"
2016/9/29,"9,270.90"
2016/9/26,"9,194.52"
2016/9/23,"9,284.62"
2016/9/22,"9,235.26"
2016/9/21,"9,228.50"
2016/9/20,"9,161.58"
2016/9/19,"9,152.88"
2016/9/14,"8,902.30"
2016/9/13,"8,940.83"
2016/9/12,"8,947.06"
2016/9/10,"9,053.69"
2016/9/9,"9,164.88"
2016/9/8,"9,262.89"
2016/9/7,"9,259.07"
2016/9/6,"9,181.85"
2016/9/5,"9,090.13"
2016/9/2,"8,987.55"
2016/9/1,"9,001.15"
2016/8/31,"9,068.85"
2016/8/30,"9,110.56"
2016/8/29,"9,110.17"
2016/8/26,"9,131.72"
2016/8/25,"9,115.47"
2016/8/24,"9,017.38"
2016/8/23,"9,030.93"
2016/8/22,"8,981.81"
2016/8/19,"9,034.27"
2016/8/18,"9,122.50"
2016/8/17,"9,117.70"
2016/8/16,"9,110.36"
2016/8/15,"9,148.51"
2016/8/12,"9,150.39"
2016/8/11,"9,131.83"
2016/8/10,"9,200.42"
2016/8/9,"9,155.08"
2016/8/8,"9,150.26"
2016/8/5,"9,092.12"
2016/8/4,"9,024.71"
2016/8/3,"9,001.71"
2016/8/2,"9,068.76"
2016/8/1,"9,080.71"
2016/7/29,"8,984.41"
2016/7/28,"9,076.64"
2016/7/27,"9,063.39"
2016/7/26,"9,024.79"
2016/7/25,"8,991.67"
2016/7/22,"9,013.14"
2016/7/21,"9,056.56"
2016/7/20,"9,007.68"
2016/7/19,"9,034.87"
2016/7/18,"9,008.21"
2016/7/15,"8,949.85"
2016/7/14,"8,866.36"
2016/7/13,"8,857.75"
2016/7/12,"8,841.46"
2016/7/11,"8,786.47"
2016/7/7,"8,640.91"
2016/7/6,"8,575.75"
2016/7/5,"8,716.07"
2016/7/4,"8,760.58"
2016/7/1,"8,738.24"
2016/6/30,"8,666.58"
2016/6/29,"8,586.56"
2016/6/28,"8,505.51"
2016/6/27,"8,458.87"
2016/6/24,"8,476.99"
2016/6/23,"8,676.68"
2016/6/22,"8,716.25"
2016/6/21,"8,684.85"
2016/6/20,"8,625.92"
2016/6/17,"8,568.08"
2016/6/16,"8,494.14"
2016/6/15,"8,606.37"
2016/6/14,"8,576.12"
2016/6/13,"8,536.22"
2016/6/8,"8,715.48"
2016/6/7,"8,679.90"
2016/6/6,"8,597.11"
2016/6/4,"8,591.57"
2016/6/3,"8,587.36"
2016/6/2,"8,556.02"
2016/6/1,"8,597.16"
2016/5/31,"8,535.59"
2016/5/30,"8,535.87"
2016/5/27,"8,463.61"
2016/5/26,"8,394.12"
2016/5/25,"8,396.20"
2016/5/24,"8,300.66"
2016/5/23,"8,344.44"
2016/5/20,"8,131.26"
2016/5/19,"8,095.98"
2016/5/18,"8,159.68"
2016/5/17,"8,140.48"
2016/5/16,"8,067.60"
2016/5/13,"8,053.69"
2016/5/12,"8,108.05"
2016/5/11,"8,135.56"
2016/5/10,"8,156.29"
2016/5/9,"8,131.83"
2016/5/6,"8,146.43"
2016/5/5,"8,167.96"
2016/5/4,"8,185.47"
2016/5/3,"8,294.12"
2016/4/29,"8,377.90"
2016/4/28,"8,473.87"
2016/4/27,"8,563.05"
2016/4/26,"8,581.57"
2016/4/25,"8,560.28"
2016/4/22,"8,535.75"
2016/4/21,"8,568.65"
2016/4/20,"8,514.48"
2016/4/19,"8,633.72"
2016/4/18,"8,666.01"
2016/4/15,"8,700.39"
2016/4/14,"8,667.71"
2016/4/13,"8,652.08"
2016/4/12,"8,531.18"
2016/4/11,"8,562.59"
2016/4/8,"8,541.50"
2016/4/7,"8,490.25"
2016/4/6,"8,513.30"
2016/4/1,"8,657.55"
2016/3/31,"8,744.83"
2016/3/30,"8,737.04"
2016/3/29,"8,617.35"
2016/3/28,"8,690.45"
2016/3/25,"8,704.97"
2016/3/24,"8,743.38"
2016/3/23,"8,766.09"
2016/3/22,"8,785.68"
2016/3/21,"8,812.70"
2016/3/18,"8,810.71"
2016/3/17,"8,734.54"
2016/3/16,"8,699.14"
2016/3/15,"8,611.18"
2016/3/14,"8,747.90"
2016/3/11,"8,706.14"
2016/3/10,"8,660.70"
2016/3/9,"8,634.11"
2016/3/8,"8,664.31"
2016/3/7,"8,659.55"
2016/3/4,"8,643.55"
2016/3/3,"8,611.79"
2016/3/2,"8,544.05"
2016/3/1,"8,485.69"
2016/2/26,"8,411.16"
2016/2/25,"8,365.86"
2016/2/24,"8,282.86"
2016/2/23,"8,334.64"
2016/2/22,"8,326.68"
2016/2/19,"8,325.04"
2016/2/18,"8,314.67"
2016/2/17,"8,214.25"
2016/2/16,"8,212.07"
2016/2/15,"8,066.51"
2016/2/3,"8,063.00"
2016/2/2,"8,131.24"
2016/2/1,"8,156.96"
2016/1/30,"8,145.21"
2016/1/29,"8,080.60"
2016/1/28,"7,905.10"
2016/1/27,"7,849.83"
2016/1/26,"7,828.67"
2016/1/25,"7,894.15"
2016/1/22,"7,756.18"
2016/1/21,"7,664.01"
2016/1/20,"7,699.12"
2016/1/19,"7,854.88"
2016/1/18,"7,811.18"
2016/1/15,"7,762.01"
2016/1/14,"7,742.88"
2016/1/13,"7,824.61"
2016/1/12,"7,768.45"
2016/1/11,"7,788.42"
2016/1/8,"7,893.97"
2016/1/7,"7,852.06"
2016/1/6,"7,990.39"
2016/1/5,"8,075.11"
2016/1/4,"8,114.26"
2015/12/31,"8,338.06"
2015/12/30,"8,279.99"
2015/12/29,"8,293.91"
2015/12/28,"8,358.49"
2015/12/25,"8,363.28"
2015/12/24,"8,324.36"
2015/12/23,"8,315.70"
2015/12/22,"8,292.74"
2015/12/21,"8,282.17"
2015/12/18,"8,257.32"
2015/12/17,"8,319.67"
2015/12/16,"8,184.66"
2015/12/15,"8,073.35"
2015/12/14,"8,040.16"
2015/12/11,"8,115.89"
2015/12/10,"8,216.17"
2015/12/9,"8,229.62"
2015/12/8,"8,343.86"
2015/12/7,"8,454.27"
2015/12/4,"8,398.60"
2015/12/3,"8,456.06"
2015/12/2,"8,457.40"
2015/12/1,"8,463.30"
2015/11/30,"8,320.61"
2015/11/27,"8,398.40"
2015/11/26,"8,484.90"
2015/11/25,"8,386.13"
2015/11/24,"8,400.14"
2015/11/23,"8,485.73"
2015/11/20,"8,465.45"
2015/11/19,"8,477.20"
2015/11/18,"8,340.47"
2015/11/17,"8,419.42"
2015/11/16,"8,295.40"
2015/11/13,"8,329.50"
2015/11/12,"8,428.09"
2015/11/11,"8,415.01"
2015/11/10,"8,536.90"
2015/11/9,"8,642.48"
2015/11/6,"8,693.57"
2015/11/5,"8,850.18"
2015/11/4,"8,857.02"
2015/11/3,"8,713.19"
2015/11/2,"8,614.77"
2015/10/30,"8,554.31"
2015/10/29,"8,571.08"
2015/10/28,"8,665.99"
2015/10/27,"8,701.32"
2015/10/26,"8,745.36"
2015/10/23,"8,673.81"
2015/10/22,"8,608.46"
2015/10/21,"8,609.23"
2015/10/20,"8,653.60"
2015/10/19,"8,631.50"
2015/10/16,"8,604.95"
2015/10/15,"8,601.52"
2015/10/14,"8,522.51"
2015/10/13,"8,567.92"
2015/10/12,"8,573.72"
2015/10/8,"8,445.96"
2015/10/7,"8,495.23"
2015/10/6,"8,394.10"
2015/10/5,"8,352.36"
2015/10/2,"8,305.03"
2015/10/1,"8,295.94"
2015/9/30,"8,181.24"
2015/9/25,"8,132.35"
2015/9/24,"8,123.10"
2015/9/23,"8,193.42"
2015/9/22,"8,365.92"
2015/9/21,"8,307.04"
2015/9/18,"8,462.14"
2015/9/17,"8,445.50"
2015/9/16,"8,333.29"
2015/9/15,"8,259.99"
2015/9/14,"8,307.29"
2015/9/11,"8,305.82"
2015/9/10,"8,268.68"
2015/9/9,"8,286.92"
2015/9/8,"8,001.50"
2015/9/7,"7,986.56"
2015/9/4,"8,000.60"
2015/9/3,"8,095.95"
2015/9/2,"8,035.29"
2015/9/1,"8,017.56"
2015/8/31,"8,174.92"
2015/8/28,"8,019.18"
2015/8/27,"7,824.55"
2015/8/26,"7,715.59"
2015/8/25,"7,675.64"
2015/8/24,"7,410.34"
2015/8/21,"7,786.92"
2015/8/20,"8,029.81"
2015/8/19,"8,021.84"
2015/8/18,"8,177.22"
2015/8/17,"8,213.42"
2015/8/14,"8,305.64"
2015/8/13,"8,311.74"
2015/8/12,"8,283.38"
2015/8/11,"8,394.14"
2015/8/10,"8,466.84"
2015/8/7,"8,442.29"
2015/8/6,"8,449.56"
2015/8/5,"8,542.27"
2015/8/4,"8,510.86"
2015/8/3,"8,524.41"
2015/7/31,"8,665.34"
2015/7/30,"8,651.49"
2015/7/29,"8,563.48"
2015/7/28,"8,582.49"
2015/7/27,"8,556.68"
2015/7/24,"8,767.86"
2015/7/23,"8,791.12"
2015/7/22,"8,918.70"
2015/7/21,"9,005.96"
2015/7/20,"8,975.00"
2015/7/17,"9,045.98"
2015/7/16,"9,042.21"
2015/7/15,"9,054.20"
2015/7/14,"9,041.76"
2015/7/13,"9,033.92"
2015/7/9,"8,914.13"
2015/7/8,"8,976.11"
2015/7/7,"9,250.16"
2015/7/6,"9,255.96"
2015/7/3,"9,358.23"
2015/7/2,"9,379.24"
2015/7/1,"9,375.23"
2015/6/30,"9,323.02"
2015/6/29,"9,236.10"
2015/6/26,"9,462.57"
2015/6/25,"9,476.34"
2015/6/24,"9,397.31"
2015/6/23,"9,391.14"
2015/6/22,"9,341.77"
2015/6/18,"9,218.37"
2015/6/17,"9,189.83"
2015/6/16,"9,212.78"
2015/6/15,"9,259.48"
2015/6/12,"9,301.93"
2015/6/11,"9,302.49"
2015/6/10,"9,298.50"
2015/6/9,"9,191.87"
2015/6/8,"9,368.43"
2015/6/5,"9,340.13"
2015/6/4,"9,348.63"
2015/6/3,"9,556.52"
2015/6/2,"9,614.26"
2015/6/1,"9,625.69"
2015/5/29,"9,701.07"
2015/5/28,"9,712.84"
2015/5/27,"9,693.54"
2015/5/26,"9,669.41"
2015/5/25,"9,645.17"
2015/5/22,"9,638.80"
2015/5/21,"9,578.56"
2015/5/20,"9,685.31"
2015/5/19,"9,716.77"
2015/5/18,"9,606.10"
2015/5/15,"9,579.48"
2015/5/14,"9,610.83"
2015/5/13,"9,724.11"
2015/5/12,"9,680.73"
2015/5/11,"9,663.72"
2015/5/8,"9,692.00"
2015/5/7,"9,704.11"
2015/5/6,"9,818.20"
2015/5/5,"9,820.13"
2015/5/4,"9,845.04"
2015/4/30,"9,820.05"
2015/4/29,"9,853.83"
2015/4/28,"9,956.83"
2015/4/27,"9,973.12"
2015/4/24,"9,913.28"
2015/4/23,"9,797.49"
2015/4/22,"9,613.00"
2015/4/21,"9,533.98"
2015/4/20,"9,552.85"
2015/4/17,"9,570.93"
2015/4/16,"9,656.87"
2015/4/15,"9,540.06"
2015/4/14,"9,642.22"
2015/4/13,"9,666.52"
2015/4/10,"9,617.70"
2015/4/9,"9,568.04"
2015/4/8,"9,571.97"
2015/4/7,"9,641.90"
2015/4/2,"9,600.32"
2015/4/1,"9,507.66"
2015/3/31,"9,586.44"
2015/3/30,"9,521.87"
2015/3/27,"9,503.72"
2015/3/26,"9,619.12"
2015/3/25,"9,667.83"
2015/3/24,"9,731.66"
2015/3/23,"9,758.09"
2015/3/20,"9,749.69"
2015/3/19,"9,736.73"
2015/3/18,"9,653.43"
2015/3/17,"9,539.44"
2015/3/16,"9,512.91"
2015/3/13,"9,579.35"
2015/3/12,"9,596.00"
2015/3/11,"9,523.18"
2015/3/10,"9,536.53"
2015/3/9,"9,562.98"
2015/3/6,"9,645.77"
2015/3/5,"9,595.09"
2015/3/4,"9,621.73"
2015/3/3,"9,605.77"
2015/3/2,"9,601.36"
2015/2/26,"9,622.10"
2015/2/25,"9,699.54"
2015/2/24,"9,629.37"
2015/2/13,"9,529.51"
2015/2/12,"9,496.31"
2015/2/11,"9,462.22"
2015/2/10,"9,393.70"
2015/2/9,"9,421.50"
2015/2/6,"9,456.18"
2015/2/5,"9,512.05"
2015/2/4,"9,513.92"
2015/2/3,"9,448.73"
2015/2/2,"9,386.99"
2015/1/30,"9,361.91"
2015/1/29,"9,426.90"
2015/1/28,"9,510.92"
2015/1/27,"9,521.59"
2015/1/26,"9,477.67"
2015/1/23,"9,470.94"
2015/1/22,"9,369.51"
2015/1/21,"9,319.71"
2015/1/20,"9,251.69"
2015/1/19,"9,174.06"
2015/1/16,"9,138.29"
2015/1/15,"9,165.09"
2015/1/14,"9,180.23"
2015/1/13,"9,231.80"
2015/1/12,"9,178.30"
2015/1/9,"9,215.58"
2015/1/8,"9,238.03"
2015/1/7,"9,080.09"
2015/1/6,"9,048.34"
2015/1/5,"9,274.11"
2014/12/31,"9,307.26"
2014/12/30,"9,268.43"
2014/12/29,"9,286.28"
2014/12/27,"9,218.50"
2014/12/26,"9,214.07"
2014/12/25,"9,158.70"
2014/12/24,"9,186.18"
2014/12/23,"9,097.71"
2014/12/22,"9,095.00"
2014/12/19,"8,999.52"
2014/12/18,"8,878.63"
2014/12/17,"8,828.36"
2014/12/16,"8,950.91"
2014/12/15,"8,985.63"
2014/12/12,"9,027.33"
2014/12/11,"9,013.07"
2014/12/10,"9,032.16"
2014/12/9,"9,128.90"
2014/12/8,"9,187.29"
2014/12/5,"9,206.57"
2014/12/4,"9,225.11"
2014/12/3,"9,175.26"
2014/12/2,"9,034.79"
2014/12/1,"9,117.71"
2014/11/28,"9,187.15"
2014/11/27,"9,165.31"
2014/11/26,"9,122.39"
2014/11/25,"9,116.24"
2014/11/24,"9,122.33"
2014/11/21,"9,091.53"
2014/11/20,"9,078.87"
2014/11/19,"8,963.24"
2014/11/18,"8,859.07"
2014/11/17,"8,884.39"
2014/11/14,"8,982.88"
2014/11/13,"8,980.67"
2014/11/12,"8,918.95"
2014/11/11,"9,034.14"
2014/11/10,"9,049.98"
2014/11/7,"8,912.62"
2014/11/6,"8,891.02"
2014/11/5,"8,962.60"
2014/11/4,"8,989.18"
2014/11/3,"9,004.86"
2014/10/31,"8,974.76"
2014/10/30,"8,888.07"
2014/10/29,"8,903.68"
2014/10/28,"8,773.55"
2014/10/27,"8,627.78"
2014/10/24,"8,646.01"
2014/10/23,"8,731.07"
2014/10/22,"8,748.83"
2014/10/21,"8,654.64"
2014/10/20,"8,663.14"
2014/10/17,"8,512.88"
2014/10/16,"8,633.69"
2014/10/15,"8,655.51"
2014/10/14,"8,768.39"
2014/10/13,"8,711.39"
2014/10/9,"8,966.44"
2014/10/8,"8,955.18"
2014/10/7,"9,040.81"
2014/10/6,"9,095.14"
2014/10/3,"9,106.28"
2014/10/2,"8,975.19"
2014/10/1,"8,990.26"
2014/9/30,"8,966.92"
2014/9/29,"8,960.76"
2014/9/26,"8,989.82"
2014/9/25,"9,011.59"
2014/9/24,"9,098.49"
2014/9/23,"9,084.90"
2014/9/22,"9,134.65"
2014/9/19,"9,240.45"
2014/9/18,"9,237.03"
2014/9/17,"9,195.17"
2014/9/16,"9,133.40"
2014/9/15,"9,217.46"
2014/9/12,"9,223.18"
2014/9/11,"9,322.95"
2014/9/10,"9,357.61"
2014/9/9,"9,434.77"
2014/9/5,"9,407.94"
2014/9/4,"9,428.89"
2014/9/3,"9,450.35"
2014/9/2,"9,399.72"
2014/9/1,"9,513.06"
2014/8/29,"9,436.27"
2014/8/28,"9,478.37"
2014/8/27,"9,485.59"
2014/8/26,"9,393.96"
2014/8/25,"9,390.62"
2014/8/22,"9,380.10"
2014/8/21,"9,253.38"
2014/8/20,"9,288.05"
2014/8/19,"9,243.78"
2014/8/18,"9,141.31"
2014/8/15,"9,206.81"
2014/8/14,"9,230.61"
2014/8/13,"9,231.31"
2014/8/12,"9,163.12"
2014/8/11,"9,172.91"
2014/8/8,"9,085.96"
2014/8/7,"9,131.44"
2014/8/6,"9,143.97"
2014/8/5,"9,141.44"
2014/8/4,"9,330.19"
2014/8/1,"9,266.51"
2014/7/31,"9,315.85"
2014/7/30,"9,447.02"
2014/7/29,"9,391.88"
2014/7/28,"9,420.18"
2014/7/25,"9,439.29"
2014/7/24,"9,527.54"
2014/7/22,"9,499.36"
2014/7/21,"9,440.97"
2014/7/18,"9,400.97"
2014/7/17,"9,408.24"
2014/7/16,"9,484.73"
2014/7/15,"9,569.17"
2014/7/14,"9,520.30"
2014/7/11,"9,495.84"
2014/7/10,"9,565.12"
2014/7/9,"9,489.98"
2014/7/8,"9,530.98"
2014/7/7,"9,520.20"
2014/7/4,"9,510.05"
2014/7/3,"9,526.23"
2014/7/2,"9,484.96"
2014/7/1,"9,441.92"
2014/6/30,"9,393.07"
2014/6/27,"9,306.83"
2014/6/26,"9,320.94"
2014/6/25,"9,242.16"
2014/6/24,"9,246.20"
2014/6/23,"9,228.35"
2014/6/20,"9,273.79"
2014/6/19,"9,316.81"
2014/6/18,"9,279.93"
2014/6/17,"9,240.60"
2014/6/16,"9,202.93"
2014/6/13,"9,196.39"
2014/6/12,"9,204.65"
2014/6/11,"9,229.80"
2014/6/10,"9,222.37"
2014/6/9,"9,162.74"
2014/6/6,"9,134.46"
2014/6/5,"9,140.72"
2014/6/4,"9,119.96"
2014/6/3,"9,123.46"
2014/5/30,"9,075.91"
2014/5/29,"9,109.00"
2014/5/28,"9,121.71"
2014/5/27,"9,055.29"
2014/5/26,"9,036.12"
2014/5/23,"9,008.22"
2014/5/22,"8,969.63"
2014/5/21,"8,862.42"
2014/5/20,"8,887.79"
2014/5/19,"8,899.90"
2014/5/16,"8,888.45"
2014/5/15,"8,880.65"
2014/5/14,"8,875.16"
2014/5/13,"8,817.94"
2014/5/12,"8,808.61"
2014/5/9,"8,889.69"
2014/5/8,"8,930.90"
2014/5/7,"8,893.22"
2014/5/6,"8,912.39"
2014/5/5,"8,870.43"
2014/5/2,"8,867.32"
2014/4/30,"8,791.44"
2014/4/29,"8,872.11"
2014/4/28,"8,809.71"
2014/4/25,"8,774.12"
2014/4/24,"8,945.45"
2014/4/23,"8,956.92"
2014/4/22,"8,974.71"
2014/4/21,"8,951.19"
2014/4/18,"8,966.66"
2014/4/17,"8,944.16"
2014/4/16,"8,923.82"
2014/4/15,"8,916.71"
2014/4/14,"8,857.42"
2014/4/11,"8,908.05"
2014/4/10,"8,948.10"
2014/4/9,"8,930.57"
2014/4/8,"8,888.25"
2014/4/7,"8,876.44"
2014/4/3,"8,888.54"
2014/4/2,"8,905.45"
2014/4/1,"8,873.15"
2014/3/31,"8,849.28"
2014/3/28,"8,774.64"
2014/3/27,"8,779.57"
2014/3/26,"8,737.27"
2014/3/25,"8,689.30"
2014/3/24,"8,605.38"
2014/3/21,"8,577.17"
2014/3/20,"8,597.33"
2014/3/19,"8,689.46"
2014/3/18,"8,731.94"
2014/3/17,"8,700.10"
2014/3/14,"8,687.63"
2014/3/13,"8,747.79"
2014/3/12,"8,684.73"
2014/3/11,"8,702.33"
2014/3/10,"8,665.24"
2014/3/7,"8,713.96"
2014/3/6,"8,713.79"
2014/3/5,"8,632.93"
2014/3/4,"8,554.54"
2014/3/3,"8,601.98"
2014/2/27,"8,639.58"
2014/2/26,"8,600.86"
2014/2/25,"8,575.62"
2014/2/24,"8,560.61"
2014/2/21,"8,601.86"
2014/2/20,"8,524.62"
2014/2/19,"8,577.01"
2014/2/18,"8,556.23"
2014/2/17,"8,519.55"
2014/2/14,"8,513.68"
2014/2/13,"8,467.70"
2014/2/12,"8,510.87"
2014/2/11,"8,430.56"
2014/2/10,"8,391.95"
2014/2/7,"8,387.35"
2014/2/6,"8,311.01"
2014/2/5,"8,264.48"
2014/1/27,"8,462.57"
2014/1/24,"8,598.31"
2014/1/23,"8,595.10"
2014/1/22,"8,625.30"
2014/1/21,"8,599.90"
2014/1/20,"8,621.56"
2014/1/17,"8,596.00"
2014/1/16,"8,612.11"
2014/1/15,"8,602.55"
2014/1/14,"8,548.14"
2014/1/13,"8,566.20"
2014/1/10,"8,529.35"
2014/1/9,"8,514.68"
2014/1/8,"8,556.01"
2014/1/7,"8,512.30"
2014/1/6,"8,500.01"
2014/1/3,"8,546.54"
2014/1/2,"8,612.54"
2013/12/31,"8,611.51"
2013/12/30,"8,623.43"
2013/12/27,"8,535.04"
2013/12/26,"8,485.89"
2013/12/25,"8,467.76"
2013/12/24,"8,450.49"
2013/12/23,"8,456.46"
2013/12/20,"8,408.53"
2013/12/19,"8,407.40"
2013/12/18,"8,349.04"
2013/12/17,"8,352.93"
2013/12/16,"8,313.87"
2013/12/13,"8,376.94"
2013/12/12,"8,361.33"
2013/12/11,"8,433.77"
2013/12/10,"8,443.39"
2013/12/9,"8,444.62"
2013/12/6,"8,367.72"
2013/12/5,"8,375.54"
2013/12/4,"8,418.00"
2013/12/3,"8,392.55"
2013/12/2,"8,414.61"
2013/11/29,"8,406.83"
2013/11/28,"8,362.43"
2013/11/27,"8,295.88"
2013/11/26,"8,248.02"
2013/11/25,"8,187.51"
2013/11/22,"8,116.78"
2013/11/21,"8,099.45"
2013/11/20,"8,204.46"
2013/11/19,"8,260.21"
2013/11/18,"8,191.46"
2013/11/15,"8,177.12"
2013/11/14,"8,134.91"
2013/11/13,"8,104.26"
2013/11/12,"8,195.26"
2013/11/11,"8,182.56"
2013/11/8,"8,229.59"
2013/11/7,"8,283.71"
2013/11/6,"8,281.97"
2013/11/5,"8,262.20"
2013/11/4,"8,354.14"
2013/11/1,"8,388.18"
2013/10/31,"8,450.06"
2013/10/30,"8,465.06"
2013/10/29,"8,420.98"
2013/10/28,"8,407.83"
2013/10/25,"8,346.62"
2013/10/24,"8,413.72"
2013/10/23,"8,393.62"
2013/10/22,"8,418.27"
2013/10/21,"8,419.32"
2013/10/18,"8,441.19"
2013/10/17,"8,374.68"
2013/10/16,"8,332.18"
2013/10/15,"8,367.88"
2013/10/14,"8,273.96"
2013/10/11,"8,349.37"
2013/10/9,"8,344.73"
2013/10/8,"8,375.65"
2013/10/7,"8,333.66"
2013/10/4,"8,364.55"
2013/10/3,"8,359.02"
2013/10/2,"8,216.52"
2013/10/1,"8,187.02"
2013/9/30,"8,173.87"
2013/9/27,"8,230.68"
2013/9/26,"8,184.68"
2013/9/25,"8,283.90"
2013/9/24,"8,299.12"
2013/9/23,"8,292.83"
2013/9/18,"8,209.18"
2013/9/17,"8,249.78"
2013/9/16,"8,255.34"
2013/9/14,"8,142.48"
2013/9/13,"8,168.20"
2013/9/12,"8,225.36"
2013/9/11,"8,208.99"
2013/9/10,"8,208.77"
2013/9/9,"8,192.11"
2013/9/6,"8,164.20"
2013/9/5,"8,169.10"
2013/9/4,"8,083.44"
2013/9/3,"8,088.37"
2013/9/2,"8,038.86"
2013/8/30,"8,021.89"
2013/8/29,"7,917.66"
2013/8/28,"7,824.54"
2013/8/27,"7,820.84"
2013/8/26,"7,894.97"
2013/8/23,"7,873.31"
2013/8/22,"7,814.38"
2013/8/20,"7,832.65"
2013/8/19,"7,900.21"
2013/8/16,"7,925.00"
2013/8/15,"7,887.26"
2013/8/14,"7,951.33"
2013/8/13,"7,986.27"
2013/8/12,"7,903.38"
2013/8/9,"7,856.14"
2013/8/8,"7,907.67"
2013/8/7,"7,921.29"
2013/8/6,"8,038.91"
2013/8/5,"8,138.63"
2013/8/2,"8,099.88"
2013/8/1,"8,056.22"
2013/7/31,"8,107.94"
2013/7/30,"8,163.55"
2013/7/29,"8,084.50"
2013/7/26,"8,149.40"
2013/7/25,"8,163.58"
2013/7/24,"8,196.19"
2013/7/23,"8,214.65"
2013/7/22,"8,105.45"
2013/7/19,"8,062.03"
2013/7/18,"8,194.88"
2013/7/17,"8,258.95"
2013/7/16,"8,260.11"
2013/7/15,"8,254.68"
2013/7/12,"8,220.49"
2013/7/11,"8,179.54"
2013/7/10,"8,011.69"
2013/7/9,"7,971.18"
2013/7/8,"7,886.34"
2013/7/5,"8,001.82"
2013/7/4,"7,893.72"
2013/7/3,"7,911.42"
2013/7/2,"8,015.86"
2013/7/1,"8,036.00"
2013/6/28,"8,062.21"
2013/6/27,"7,883.90"
2013/6/26,"7,784.80"
2013/6/25,"7,663.23"
2013/6/24,"7,758.03"
2013/6/21,"7,793.31"
2013/6/20,"7,898.91"
2013/6/19,"8,007.39"
2013/6/18,"8,011.02"
2013/6/17,"7,992.89"
2013/6/14,"7,937.74"
2013/6/13,"7,951.66"
2013/6/11,"8,116.15"
2013/6/10,"8,160.55"
2013/6/7,"8,095.20"
2013/6/6,"8,096.14"
2013/6/5,"8,181.91"
2013/6/4,"8,191.22"
2013/6/3,"8,201.02"
2013/5/31,"8,254.80"
2013/5/30,"8,243.29"
2013/5/29,"8,337.90"
2013/5/28,"8,263.05"
2013/5/27,"8,280.10"
2013/5/24,"8,209.78"
2013/5/23,"8,237.83"
2013/5/22,"8,398.84"
2013/5/21,"8,383.05"
2013/5/20,"8,377.05"
2013/5/17,"8,368.19"
2013/5/16,"8,390.05"
2013/5/15,"8,318.59"
2013/5/14,"8,251.82"
2013/5/13,"8,248.32"
2013/5/10,"8,280.26"
2013/5/9,"8,285.89"
2013/5/8,"8,267.09"
2013/5/7,"8,163.06"
2013/5/6,"8,169.05"
2013/5/3,"8,135.03"
2013/5/2,"8,128.51"
2013/4/30,"8,093.66"
2013/4/29,"8,029.74"
2013/4/26,"8,022.06"
2013/4/25,"8,021.75"
2013/4/24,"8,023.71"
2013/4/23,"7,942.77"
2013/4/22,"7,970.38"
2013/4/19,"7,930.80"
2013/4/18,"7,791.35"
2013/4/17,"7,809.07"
2013/4/16,"7,801.05"
2013/4/15,"7,763.53"
2013/4/12,"7,821.63"
2013/4/11,"7,857.98"
2013/4/10,"7,752.80"
2013/4/9,"7,728.54"
2013/4/8,"7,752.79"
2013/4/3,"7,942.35"
2013/4/2,"7,913.18"
2013/4/1,"7,899.24"
2013/3/29,"7,918.61"
2013/3/28,"7,866.88"
2013/3/27,"7,894.12"
2013/3/26,"7,856.36"
2013/3/25,"7,856.12"
2013/3/22,"7,796.22"
2013/3/21,"7,811.84"
2013/3/20,"7,798.03"
2013/3/19,"7,838.47"
2013/3/18,"7,811.34"
2013/3/15,"7,927.49"
2013/3/14,"7,951.76"
2013/3/13,"7,995.51"
2013/3/12,"7,994.71"
2013/3/11,"8,038.72"
2013/3/8,"8,015.14"
2013/3/7,"7,960.51"
2013/3/6,"7,950.30"
2013/3/5,"7,932.71"
2013/3/4,"7,867.34"
2013/3/1,"7,964.63"
2013/2/27,"7,897.98"
2013/2/26,"7,880.90"
2013/2/25,"7,947.68"
2013/2/23,"7,986.89"
2013/2/22,"7,947.72"
2013/2/21,"7,957.46"
2013/2/20,"8,029.10"
2013/2/19,"7,960.88"
2013/2/18,"7,943.53"
2013/2/6,"7,906.65"
2013/2/5,"7,886.94"
2013/2/4,"7,923.16"
2013/2/1,"7,855.97"
2013/1/31,"7,850.02"
2013/1/30,"7,832.98"
2013/1/29,"7,802.00"
2013/1/28,"7,714.67"
2013/1/25,"7,672.58"
2013/1/24,"7,695.99"
2013/1/23,"7,744.18"
2013/1/22,"7,759.10"
2013/1/21,"7,724.92"
2013/1/18,"7,732.87"
2013/1/17,"7,616.64"
2013/1/16,"7,700.43"
2013/1/15,"7,765.02"
2013/1/14,"7,823.97"
2013/1/11,"7,819.15"
2013/1/10,"7,811.64"
2013/1/9,"7,738.64"
2013/1/8,"7,721.66"
2013/1/7,"7,755.09"
2013/1/4,"7,805.99"
2013/1/3,"7,836.84"
2013/1/2,"7,779.22"
2012/12/28,"7,699.50"
2012/12/27,"7,648.41"
2012/12/26,"7,634.19"
2012/12/25,"7,636.57"
2012/12/24,"7,535.52"
2012/12/22,"7,540.14"
2012/12/21,"7,519.93"
2012/12/20,"7,595.46"
2012/12/19,"7,677.47"
2012/12/18,"7,643.74"
2012/12/17,"7,631.28"
2012/12/14,"7,698.77"
2012/12/13,"7,757.09"
2012/12/12,"7,690.19"
2012/12/11,"7,613.69"
2012/12/10,"7,609.50"
2012/12/7,"7,642.26"
2012/12/6,"7,623.26"
2012/12/5,"7,649.05"
2012/12/4,"7,600.98"
2012/12/3,"7,599.91"
2012/11/30,"7,580.17"
2012/11/29,"7,503.55"
2012/11/28,"7,434.93"
2012/11/27,"7,430.20"
2012/11/26,"7,407.37"
2012/11/23,"7,326.01"
2012/11/22,"7,105.76"
2012/11/21,"7,088.49"
2012/11/20,"7,145.77"
2012/11/19,"7,129.04"
2012/11/16,"7,130.07"
2012/11/15,"7,143.84"
2012/11/14,"7,159.75"
2012/11/13,"7,136.05"
2012/11/12,"7,267.75"
2012/11/9,"7,293.22"
2012/11/8,"7,242.63"
2012/11/7,"7,287.18"
2012/11/6,"7,236.68"
2012/11/5,"7,185.36"
2012/11/2,"7,210.47"
2012/11/1,"7,179.64"
2012/10/31,"7,166.05"
2012/10/30,"7,182.59"
2012/10/29,"7,091.67"
2012/10/26,"7,134.06"
2012/10/25,"7,262.08"
2012/10/24,"7,314.88"
2012/10/23,"7,337.48"
2012/10/22,"7,373.04"
2012/10/19,"7,408.76"
2012/10/18,"7,465.41"
2012/10/17,"7,464.40"
2012/10/16,"7,471.02"
2012/10/15,"7,418.90"
2012/10/12,"7,437.04"
2012/10/11,"7,451.72"
2012/10/9,"7,592.01"
2012/10/8,"7,615.89"
2012/10/5,"7,690.65"
2012/10/4,"7,682.34"
2012/10/3,"7,684.63"
2012/10/2,"7,718.68"
2012/10/1,"7,675.72"
2012/9/28,"7,715.16"
2012/9/27,"7,683.80"
2012/9/26,"7,669.63"
2012/9/25,"7,734.13"
2012/9/24,"7,768.30"
2012/9/21,"7,754.59"
2012/9/20,"7,727.55"
2012/9/19,"7,781.91"
2012/9/18,"7,734.26"
2012/9/17,"7,762.22"
2012/9/14,"7,738.05"
2012/9/13,"7,578.80"
2012/9/12,"7,570.45"
2012/9/11,"7,485.13"
2012/9/10,"7,482.74"
2012/9/7,"7,424.91"
2012/9/6,"7,326.72"
2012/9/5,"7,367.44"
2012/9/4,"7,451.35"
2012/9/3,"7,450.53"
2012/8/31,"7,397.06"
2012/8/30,"7,371.44"
2012/8/29,"7,391.15"
2012/8/28,"7,361.94"
2012/8/27,"7,468.22"
2012/8/24,"7,477.53"
2012/8/23,"7,505.17"
2012/8/22,"7,496.58"
2012/8/21,"7,506.81"
2012/8/20,"7,431.91"
2012/8/17,"7,467.92"
2012/8/16,"7,490.21"
2012/8/15,"7,467.74"
2012/8/14,"7,479.25"
2012/8/13,"7,436.30"
2012/8/10,"7,441.12"
2012/8/9,"7,433.70"
2012/8/8,"7,319.80"
2012/8/7,"7,295.46"
2012/8/6,"7,286.33"
2012/8/3,"7,217.51"
2012/8/1,"7,267.96"
2012/7/31,"7,270.49"
2012/7/30,"7,158.88"
2012/7/27,"7,124.49"
2012/7/26,"6,970.69"
2012/7/25,"6,979.13"
2012/7/24,"7,008.35"
2012/7/23,"7,028.73"
2012/7/20,"7,164.68"
2012/7/19,"7,148.57"
2012/7/18,"7,049.05"
2012/7/17,"7,127.00"
2012/7/16,"7,090.04"
2012/7/13,"7,104.27"
2012/7/12,"7,130.93"
2012/7/11,"7,257.91"
2012/7/10,"7,251.35"
2012/7/9,"7,309.96"
2012/7/6,"7,368.59"
2012/7/5,"7,387.78"
2012/7/4,"7,422.59"
2012/7/3,"7,418.36"
2012/7/2,"7,345.16"
2012/6/29,"7,296.28"
2012/6/28,"7,169.61"
2012/6/27,"7,183.01"
2012/6/26,"7,137.93"
2012/6/25,"7,166.38"
2012/6/22,"7,222.05"
2012/6/21,"7,279.05"
2012/6/20,"7,334.63"
2012/6/19,"7,273.13"
2012/6/18,"7,281.50"
2012/6/15,"7,155.83"
2012/6/14,"7,075.10"
2012/6/13,"7,088.83"
2012/6/12,"7,072.08"
2012/6/11,"7,120.23"
2012/6/8,"6,999.65"
2012/6/7,"7,080.31"
2012/6/6,"7,056.15"
2012/6/5,"7,000.45"
2012/6/4,"6,894.66"
2012/6/1,"7,106.09"
2012/5/31,"7,301.50"
2012/5/30,"7,261.80"
2012/5/29,"7,342.29"
2012/5/28,"7,136.00"
2012/5/25,"7,071.63"
2012/5/24,"7,124.89"
2012/5/23,"7,147.75"
2012/5/22,"7,274.89"
2012/5/21,"7,192.23"
2012/5/18,"7,151.19"
2012/5/17,"7,356.77"
2012/5/16,"7,234.57"
2012/5/15,"7,395.64"
2012/5/14,"7,377.18"
2012/5/11,"7,401.37"
2012/5/10,"7,484.01"
2012/5/9,"7,475.71"
2012/5/8,"7,545.71"
2012/5/7,"7,538.08"
2012/5/4,"7,700.95"
2012/5/3,"7,659.53"
2012/5/2,"7,676.81"
2012/4/30,"7,501.72"
2012/4/27,"7,480.50"
2012/4/26,"7,521.35"
2012/4/25,"7,563.18"
2012/4/24,"7,498.84"
2012/4/23,"7,481.09"
2012/4/20,"7,507.15"
2012/4/19,"7,622.69"
2012/4/18,"7,605.00"
2012/4/17,"7,585.87"
2012/4/16,"7,729.86"
2012/4/13,"7,788.27"
2012/4/12,"7,662.92"
2012/4/11,"7,656.67"
2012/4/10,"7,640.68"
2012/4/9,"7,600.87"
2012/4/6,"7,706.26"
2012/4/5,"7,639.82"
2012/4/3,"7,760.85"
2012/4/2,"7,862.90"
2012/3/30,"7,933.00"
2012/3/29,"7,872.66"
2012/3/28,"8,038.07"
2012/3/27,"8,029.46"
2012/3/26,"7,967.62"
2012/3/23,"8,076.61"
2012/3/22,"8,059.94"
2012/3/21,"7,981.94"
2012/3/20,"7,972.70"
2012/3/19,"8,043.92"
2012/3/16,"8,054.94"
2012/3/15,"8,121.62"
2012/3/14,"8,125.26"
2012/3/13,"8,031.51"
2012/3/12,"7,927.55"
2012/3/9,"8,016.01"
2012/3/8,"7,984.56"
2012/3/7,"7,903.08"
2012/3/6,"7,937.97"
2012/3/5,"8,004.74"
2012/3/3,"8,114.44"
2012/3/2,"8,144.04"
2012/3/1,"8,118.34"
2012/2/29,"8,121.44"
2012/2/24,"7,959.34"
2012/2/23,"7,937.30"
2012/2/22,"8,001.68"
2012/2/21,"7,921.50"
2012/2/20,"7,954.82"
2012/2/17,"7,894.36"
2012/2/16,"7,869.70"
2012/2/15,"8,005.24"
2012/2/14,"7,884.08"
2012/2/13,"7,912.91"
2012/2/10,"7,862.27"
2012/2/9,"7,910.78"
2012/2/8,"7,869.91"
2012/2/7,"7,707.44"
2012/2/6,"7,687.98"
2012/2/4,"7,741.24"
2012/2/3,"7,674.99"
2012/2/2,"7,652.46"
2012/2/1,"7,549.21"
2012/1/31,"7,517.08"
2012/1/30,"7,407.41"
2012/1/18,"7,233.69"
2012/1/17,"7,221.08"
2012/1/16,"7,103.62"
2012/1/13,"7,181.54"
2012/1/12,"7,186.58"
2012/1/11,"7,188.21"
2012/1/10,"7,178.87"
2012/1/9,"7,093.04"
2012/1/6,"7,120.51"
2012/1/5,"7,130.86"
2012/1/4,"7,082.97"
2012/1/3,"7,053.38"
2012/1/2,"6,952.21"
2011/12/30,"7,072.08"
2011/12/29,"7,074.82"
2011/12/28,"7,056.67"
2011/12/27,"7,085.03"
2011/12/26,"7,092.58"
2011/12/23,"7,110.73"
2011/12/22,"6,966.35"
2011/12/21,"6,966.48"
2011/12/20,"6,662.64"
2011/12/19,"6,633.33"
2011/12/16,"6,785.09"
2011/12/15,"6,764.59"
2011/12/14,"6,922.57"
2011/12/13,"6,896.31"
2011/12/12,"6,949.04"
2011/12/9,"6,893.30"
2011/12/8,"6,982.90"
2011/12/7,"7,033.00"
2011/12/6,"6,956.28"
2011/12/5,"7,098.08"
2011/12/2,"7,140.68"
2011/12/1,"7,178.69"
2011/11/30,"6,904.12"
2011/11/29,"6,988.65"
2011/11/28,"6,898.78"
2011/11/25,"6,784.52"
2011/11/24,"6,864.39"
2011/11/23,"6,806.43"
2011/11/22,"7,000.03"
2011/11/21,"7,042.64"
2011/11/18,"7,233.78"
2011/11/17,"7,387.81"
2011/11/16,"7,387.52"